Id Commande;Id Client;Canal;Id Store;Id Produit;Type de paiement;Date de commande;Nb_Jours de livraison programmé;Date de livraison;Quantité;Total Cout d'acquisition;Montant Vente;Pays;Continent
9;10225;Store;3;19;ESPÈCES;01/01/2024;4;06/01/2024;24; 2 406 624,00 XOF ; 4 720 540,00 XOF ;Côte d'ivoire;Afrique
10;7021;En ligne;4;1266;VIREMENT;01/01/2024;4;06/01/2024;24; 156 645,78 XOF ; 307 296,28 XOF ;France;Europe
29;7026;Store;4;1652;DÉBIT CARTE;01/01/2024;0;01/01/2024;10; 777 233,60 XOF ; 1 690 206,38 XOF ;Côte d'ivoire;Afrique
30;6937;Store;3;378;DÉBIT CARTE;01/01/2024;4;07/01/2024;9; 1 085 215,73 XOF ; 2 128 500,00 XOF ;Côte d'ivoire;Afrique
31;7021;Store;2;1394;VIREMENT;01/01/2024;4;06/01/2024;9; 2 022 926,40 XOF ; 4 398 900,00 XOF ;Burkina Faso;Afrique
32;9376;Store;2;1036;VIREMENT;01/01/2024;4;04/01/2024;9; 2 535 256,35 XOF ; 5 512 815,00 XOF ;Cameroun;Afrique
33;9974;Store;3;381;DÉBIT CARTE;01/01/2024;4;04/01/2024;9; 53 046,95 XOF ; 104 060,00 XOF ;Burkina Faso;Afrique
34;5186;Store;2;979;DÉBIT CARTE;01/01/2024;4;03/01/2024;9; 113 768,33 XOF ; 223 066,80 XOF ;Burkina Faso;Afrique
35;5186;Store;1;321;DÉBIT CARTE;01/01/2024;4;03/01/2024;9; 1 219 630,50 XOF ; 2 652 111,00 XOF ;Burkina Faso;Afrique
36;7026;Store;3;1346;DÉBIT CARTE;01/01/2024;0;01/01/2024;9; 209 509,44 XOF ; 410 918,75 XOF ;Burkina Faso;Afrique
37;7026;Store;3;681;DÉBIT CARTE;01/01/2024;0;01/01/2024;9; 3 064 188,60 XOF ; 9 248 332,50 XOF ;Burkina Faso;Afrique
38;7215;En ligne;4;722;DÉBIT CARTE;01/01/2024;4;07/01/2024;8; 361 608,50 XOF ; 709 381,75 XOF ;Burkina Faso;Afrique
39;3546;Store;4;1324;DÉBIT CARTE;01/01/2024;4;04/01/2024;8; 1 219 204,80 XOF ; 3 679 940,00 XOF ;Burkina Faso;Afrique
40;6003;Store;1;1030;VIREMENT;01/01/2024;4;07/01/2024;6; 1 128 388,80 XOF ; 2 213 356,20 XOF ;Burkina Faso;Afrique
41;1465;Store;2;764;DÉBIT CARTE;01/01/2024;4;07/01/2024;6; 1 586 725,80 XOF ; 3 112 340,00 XOF ;Burkina Faso;Afrique
42;10106;En ligne;4;1214;DÉBIT CARTE;01/01/2024;2;05/01/2024;6; 146 866,50 XOF ; 288 057,00 XOF ;Côte d'ivoire;Afrique
43;6003;Store;1;549;VIREMENT;01/01/2024;4;07/01/2024;5; 146 689,13 XOF ; 319 097,63 XOF ;Burkina Faso;Afrique
44;10164;En ligne;4;296;DÉBIT CARTE;01/01/2024;4;06/01/2024;5; 2 485 023,75 XOF ; 4 874 265,00 XOF ;Burkina Faso;Afrique
45;9974;Store;1;488;DÉBIT CARTE;01/01/2024;4;04/01/2024;5; 66 314,60 XOF ; 130 075,00 XOF ;France;Europe
46;7215;Store;3;747;DÉBIT CARTE;01/01/2024;4;07/01/2024;4; 919 039,00 XOF ; 1 998 425,00 XOF ;Burkina Faso;Afrique
61;510;Store;3;1411;ESPÈCES;01/01/2024;4;04/01/2024;10; 841 750,80 XOF ; 1 830 510,00 XOF ;Burkina Faso;Afrique
62;510;Store;1;1348;ESPÈCES;01/01/2024;4;04/01/2024;10; 1 944 597,60 XOF ; 4 228 620,00 XOF ;Burkina Faso;Afrique
63;7894;Store;2;1466;ESPÈCES;01/01/2024;2;04/01/2024;10; 269 184,30 XOF ; 585 337,50 XOF ;France;Europe
64;7777;Store;4;1580;ESPÈCES;01/01/2024;1;03/01/2024;10; 3 131 165,40 XOF ; 9 450 540,00 XOF ;Burkina Faso;Afrique
65;7163;Store;2;1320;ESPÈCES;01/01/2024;4;03/01/2024;10; 3 040 822,40 XOF ; 6 612 540,00 XOF ;Sénégal;Afrique
66;5081;Store;4;1542;ESPÈCES;01/01/2024;4;07/01/2024;9; 112 491,23 XOF ; 244 671,08 XOF ;Canada;Amérique
67;608;Store;2;1077;ESPÈCES;01/01/2024;4;07/01/2024;9; 897 281,00 XOF ; 1 951 125,00 XOF ;Burkina Faso;Afrique
68;608;Store;2;156;ESPÈCES;01/01/2024;4;07/01/2024;9; 553 410,00 XOF ; 1 085 535,00 XOF ;Burkina Faso;Afrique
69;7434;Store;2;750;ESPÈCES;01/01/2024;2;06/01/2024;9; 3 761 958,20 XOF ; 7 378 800,00 XOF ;France;Europe
70;11562;Store;3;704;ESPÈCES;01/01/2024;1;03/01/2024;9; 182 057,70 XOF ; 395 901,00 XOF ;Ghana;Afrique
71;9796;Store;3;1553;ESPÈCES;01/01/2024;4;05/01/2024;8; 972 298,80 XOF ; 2 114 310,00 XOF ;France;Europe
72;9796;Store;4;1198;ESPÈCES;01/01/2024;4;05/01/2024;8; 1 670 588,70 XOF ; 3 632 640,00 XOF ;Burkina Faso;Afrique
73;7894;Store;3;77;ESPÈCES;01/01/2024;2;04/01/2024;6; 74 402,90 XOF ; 146 038,75 XOF ;Sénégal;Afrique
82;1743;Store;4;428;ESPÈCES;02/01/2024;4;04/01/2024;6; 553 410,00 XOF ; 1 085 535,00 XOF ;Ghana;Afrique
83;10583;En ligne;4;856;VIREMENT;02/01/2024;2;07/01/2024;36; 929 835,23 XOF ; 2 022 075,00 XOF ;Ghana;Afrique
84;10385;En ligne;4;790;DÉBIT CARTE;02/01/2024;4;07/01/2024;24; 192 913,05 XOF ; 378 400,00 XOF ;Etats-Unis;Amérique
85;10363;Store;1;744;DÉBIT CARTE;02/01/2024;4;05/01/2024;24; 572 330,00 XOF ; 1 121 010,00 XOF ;Etats-Unis;Amérique
86;10256;Store;2;1343;DÉBIT CARTE;02/01/2024;4;05/01/2024;20; 135 585,45 XOF ; 265 956,08 XOF ;Ghana;Afrique
87;6183;Store;1;824;DÉBIT CARTE;02/01/2024;4;04/01/2024;20; 154 529,10 XOF ; 303 311,25 XOF ;Ghana;Afrique
123;10385;En ligne;4;730;DÉBIT CARTE;02/01/2024;4;07/01/2024;8; 4 561 233,60 XOF ; 9 918 810,00 XOF ;Ghana;Afrique
124;10418;Store;3;621;DÉBIT CARTE;02/01/2024;0;02/01/2024;8; 1 089 449,08 XOF ; 2 136 777,50 XOF ;Sénégal;Afrique
125;6442;Store;4;786;DÉBIT CARTE;02/01/2024;0;02/01/2024;8; 3 116 762,55 XOF ; 6 113 318,06 XOF ;Etats-Unis;Amérique
126;10385;Store;3;499;DÉBIT CARTE;02/01/2024;4;07/01/2024;5; 1 656 682,50 XOF ; 3 249 510,00 XOF ;Ghana;Afrique
127;9974;Store;3;1066;DÉBIT CARTE;02/01/2024;4;05/01/2024;5; 778 179,60 XOF ; 1 692 157,50 XOF ;Burkina Faso;Afrique
128;3272;Store;2;2506;ESPÈCES;02/01/2024;4;08/01/2024;200; 874 387,80 XOF ; 1 901 460,00 XOF ;Burkina Faso;Afrique
129;3272;Store;2;512;ESPÈCES;02/01/2024;4;08/01/2024;24; 25 281,85 XOF ; 49 570,40 XOF ;Burkina Faso;Afrique
130;3272;Store;1;222;ESPÈCES;02/01/2024;4;08/01/2024;13; 3 127 073,95 XOF ; 6 133 627,50 XOF ;Ghana;Afrique
131;12387;Store;4;927;ESPÈCES;02/01/2024;4;08/01/2024;13; 1 009 287,40 XOF ; 2 194 720,00 XOF ;Ghana;Afrique
132;9796;Store;4;25;ESPÈCES;02/01/2024;4;06/01/2024;13; 119 361,55 XOF ; 234 135,00 XOF ;Burkina Faso;Afrique
133;2772;Store;2;1362;ESPÈCES;02/01/2024;0;02/01/2024;13; 865 684,60 XOF ; 1 882 540,00 XOF ;Burkina Faso;Afrique
134;12387;Store;2;1405;ESPÈCES;02/01/2024;4;08/01/2024;10; 204 974,55 XOF ; 402 026,35 XOF ;Ghana;Afrique
135;3577;Store;1;1534;ESPÈCES;02/01/2024;2;08/01/2024;10; 285 928,50 XOF ; 621 663,90 XOF ;Etats-Unis;Amérique
136;3577;Store;2;1133;ESPÈCES;02/01/2024;2;08/01/2024;10; 37 662,63 XOF ; 73 876,69 XOF ;Ghana;Afrique
137;1743;Store;1;1380;ESPÈCES;02/01/2024;4;04/01/2024;10; 3 385 793,13 XOF ; 6 640 920,00 XOF ;Ghana;Afrique
138;3272;Store;4;1606;ESPÈCES;02/01/2024;4;08/01/2024;9; 3 149 943,50 XOF ; 9 507 300,00 XOF ;Ghana;Afrique
139;12387;Store;3;414;ESPÈCES;02/01/2024;4;08/01/2024;9; 132 073,43 XOF ; 287 241,08 XOF ;Ghana;Afrique
140;6327;Store;4;616;ESPÈCES;02/01/2024;4;07/01/2024;9; 3 472 576,80 XOF ; 6 811 200,00 XOF ;Burkina Faso;Afrique
141;1743;Store;1;713;ESPÈCES;02/01/2024;4;04/01/2024;9; 156 799,50 XOF ; 307 450,00 XOF ;Ghana;Afrique
142;3577;Store;3;1316;ESPÈCES;02/01/2024;2;08/01/2024;8; 2 221 633,70 XOF ; 6 705 484,50 XOF ;Ghana;Afrique
143;2772;Store;3;1266;ESPÈCES;02/01/2024;0;02/01/2024;4; 5 204 182,50 XOF ; 11 316 525,00 XOF ;Burkina Faso;Afrique
144;2276;Store;3;973;ESPÈCES;03/01/2024;2;09/01/2024;30; 2 115 717,18 XOF ; 4 149 806,38 XOF ;Gabon;Afrique
145;1900;Store;4;980;ESPÈCES;03/01/2024;4;06/01/2024;30; 40 985,45 XOF ; 80 386,35 XOF ;Burkina Faso;Afrique
146;11413;Store;4;1528;ESPÈCES;03/01/2024;2;05/01/2024;27; 3 183 100,80 XOF ; 6 243 600,00 XOF ;Ghana;Afrique
147;230;Store;4;888;ESPÈCES;03/01/2024;4;09/01/2024;24; 959 811,60 XOF ; 1 882 540,00 XOF ;Ghana;Afrique
148;230;Store;4;943;ESPÈCES;03/01/2024;4;09/01/2024;20; 205 187,40 XOF ; 402 712,20 XOF ;Ghana;Afrique
149;8274;Store;3;272;ESPÈCES;03/01/2024;4;06/01/2024;13; 228 932,00 XOF ; 448 404,00 XOF ;Cameroun;Afrique
158;8302;En ligne;4;1552;DÉBIT CARTE;03/01/2024;2;06/01/2024;20; 233 319,08 XOF ; 457 627,50 XOF ;Côte d'ivoire;Afrique
159;11635;En ligne;3;1086;VIREMENT;03/01/2024;4;05/01/2024;20; 257 548,50 XOF ; 504 454,50 XOF ;Cameroun;Afrique
160;2836;Store;2;1000;DÉBIT CARTE;03/01/2024;4;08/01/2024;18; 165 786,50 XOF ; 325 157,94 XOF ;France;Europe
161;2872;Store;4;778;DÉBIT CARTE;03/01/2024;4;07/01/2024;18; 1 410 344,10 XOF ; 4 257 000,00 XOF ;Gabon;Afrique
162;2836;Store;4;96;DÉBIT CARTE;03/01/2024;4;08/01/2024;16; 8 092 344,15 XOF ; 24 424 537,50 XOF ;Gabon;Afrique
163;579;Store;1;1174;VIREMENT;03/01/2024;4;07/01/2024;13; 1 043 958,30 XOF ; 2 270 258,10 XOF ;Cameroun;Afrique
164;2427;Store;3;252;DÉBIT CARTE;03/01/2024;4;09/01/2024;12; 155 546,05 XOF ; 305 085,00 XOF ;Cameroun;Afrique
165;2427;Store;3;1352;DÉBIT CARTE;03/01/2024;4;09/01/2024;12; 142 893,30 XOF ; 280 252,50 XOF ;Ghana;Afrique
166;10996;Store;1;1529;VIREMENT;03/01/2024;4;07/01/2024;12; 670 430,20 XOF ; 1 314 940,00 XOF ;Côte d'ivoire;Afrique
167;10996;Store;3;506;VIREMENT;03/01/2024;4;07/01/2024;12; 3 055 816,50 XOF ; 9 222 790,50 XOF ;Gabon;Afrique
168;579;Store;1;1235;VIREMENT;03/01/2024;4;07/01/2024;12; 978 684,30 XOF ; 2 128 287,15 XOF ;Côte d'ivoire;Afrique
169;579;Store;3;348;VIREMENT;03/01/2024;4;07/01/2024;12; 2 770 455,60 XOF ; 5 434 060,50 XOF ;Gabon;Afrique
170;2872;Store;3;1559;DÉBIT CARTE;03/01/2024;4;07/01/2024;12; 71 801,40 XOF ; 156 090,00 XOF ;Gabon;Afrique
173;11635;Store;3;837;VIREMENT;03/01/2024;4;05/01/2024;12; 25 648,43 XOF ; 50 339,03 XOF ;Etats-Unis;Amérique
174;11635;Store;1;1244;VIREMENT;03/01/2024;4;05/01/2024;12; 404 415,00 XOF ; 792 275,00 XOF ;Gabon;Afrique
175;4446;Store;1;1199;DÉBIT CARTE;03/01/2024;2;05/01/2024;12; 711 344,70 XOF ; 1 546 710,00 XOF ;France;Europe
176;10996;Store;3;1019;VIREMENT;03/01/2024;4;07/01/2024;10; 38 726,88 XOF ; 75 946,06 XOF ;Etats-Unis;Amérique
177;8302;En ligne;4;1652;DÉBIT CARTE;03/01/2024;2;06/01/2024;10; 19 570,38 XOF ; 38 401,69 XOF ;Côte d'ivoire;Afrique
183;3482;En ligne;3;1518;VIREMENT;03/01/2024;4;05/01/2024;9; 216 421,15 XOF ; 470 635,00 XOF ;Côte d'ivoire;Afrique
184;5785;Store;2;170;DÉBIT CARTE;03/01/2024;1;05/01/2024;9; 167 607,55 XOF ; 328 735,00 XOF ;Burkina Faso;Afrique
185;10600;Store;1;701;VIREMENT;03/01/2024;1;05/01/2024;9; 3 661 818,19 XOF ; 7 182 357,19 XOF ;Ghana;Afrique
204;230;Store;3;964;ESPÈCES;03/01/2024;4;09/01/2024;10; 5 857 632,00 XOF ; 11 489 643,00 XOF ;Côte d'ivoire;Afrique
205;1900;Store;4;167;ESPÈCES;03/01/2024;4;06/01/2024;10; 1 292 141,40 XOF ; 2 809 620,00 XOF ;Gabon;Afrique
206;1900;Store;2;295;ESPÈCES;03/01/2024;4;06/01/2024;10; 135 585,45 XOF ; 265 956,08 XOF ;Gabon;Afrique
207;7691;Store;4;1001;ESPÈCES;03/01/2024;4;05/01/2024;10; 181 986,75 XOF ; 356 523,75 XOF ;Etats-Unis;Amérique
208;7691;Store;1;1043;ESPÈCES;03/01/2024;4;05/01/2024;10; 112 101,00 XOF ; 219 945,00 XOF ;Sénégal;Afrique
209;10597;Store;3;487;ESPÈCES;03/01/2024;1;05/01/2024;8; 959 244,00 XOF ; 2 085 930,00 XOF ;Sénégal;Afrique
210;11413;Store;4;155;ESPÈCES;03/01/2024;2;05/01/2024;8; 1 387 782,00 XOF ; 3 017 740,00 XOF ;Ghana;Afrique
211;230;Store;4;537;ESPÈCES;03/01/2024;4;09/01/2024;4; 79 570,43 XOF ; 156 090,00 XOF ;Ghana;Afrique
212;2276;Store;4;1316;ESPÈCES;03/01/2024;2;09/01/2024;4; 269 184,30 XOF ; 585 337,50 XOF ;Gabon;Afrique
213;5402;Store;4;1069;ESPÈCES;04/01/2024;4;10/01/2024;24; 1 517 194,80 XOF ; 3 299 175,00 XOF ;Sénégal;Afrique
214;2318;En ligne;4;1352;VIREMENT;04/01/2024;4;06/01/2024;30; 90 402,13 XOF ; 177 345,44 XOF ;Sénégal;Afrique
215;7359;Store;1;1200;VIREMENT;04/01/2024;4;09/01/2024;26; 129 199,95 XOF ; 253 291,50 XOF ;Belgique;Europe
216;5616;En ligne;4;1249;VIREMENT;04/01/2024;1;06/01/2024;26; 165 786,50 XOF ; 325 157,94 XOF ;Sénégal;Afrique
217;8044;Store;4;472;DÉBIT CARTE;04/01/2024;4;08/01/2024;24; 1 506 505,00 XOF ; 2 955 067,50 XOF ;Etats-Unis;Amérique
218;3417;Store;1;11;DÉBIT CARTE;04/01/2024;4;06/01/2024;20; 241 442,85 XOF ; 525 030,00 XOF ;Sénégal;Afrique
219;3417;En ligne;4;440;DÉBIT CARTE;04/01/2024;4;06/01/2024;20; 308 738,93 XOF ; 605 558,25 XOF ;Sénégal;Afrique
225;7359;Store;2;1416;VIREMENT;04/01/2024;4;09/01/2024;12; 19 570,38 XOF ; 38 401,69 XOF ;Burkina Faso;Afrique
226;9011;Store;1;1199;DÉBIT CARTE;04/01/2024;4;07/01/2024;12; 239 349,83 XOF ; 722 353,78 XOF ;Sénégal;Afrique
227;2318;En ligne;4;341;VIREMENT;04/01/2024;4;06/01/2024;12; 4 716 756,00 XOF ; 9 251 880,00 XOF ;Burkina Faso;Afrique
228;7075;Store;1;29;DÉBIT CARTE;04/01/2024;0;04/01/2024;12; 3 076 108,20 XOF ; 9 284 517,00 XOF ;Belgique;Europe
229;5943;En ligne;4;707;VIREMENT;04/01/2024;0;04/01/2024;12; 33 488,40 XOF ; 65 747,00 XOF ;Belgique;Europe
230;5943;Store;3;372;VIREMENT;04/01/2024;0;04/01/2024;12; 103 232,25 XOF ; 224 556,75 XOF ;France;Europe
231;10880;Store;2;1515;VIREMENT;04/01/2024;4;10/01/2024;10; 10 465,13 XOF ; 20 545,94 XOF ;France;Europe
232;8044;Store;2;1381;DÉBIT CARTE;04/01/2024;4;08/01/2024;10; 944 947,58 XOF ; 2 852 190,00 XOF ;Belgique;Europe
233;3417;Store;4;1656;DÉBIT CARTE;04/01/2024;4;06/01/2024;10; 224 320,25 XOF ; 487 781,25 XOF ;Belgique;Europe
234;5616;Store;1;697;VIREMENT;04/01/2024;1;06/01/2024;10; 3 116 762,55 XOF ; 6 113 318,06 XOF ;Sénégal;Afrique
235;10880;Store;4;1389;VIREMENT;04/01/2024;4;10/01/2024;9; 441 072,50 XOF ; 959 007,50 XOF ;Sénégal;Afrique
236;1148;Store;1;1218;DÉBIT CARTE;04/01/2024;4;08/01/2024;9; 528 932,25 XOF ; 1 596 375,00 XOF ;France;Europe
237;7075;Store;1;563;DÉBIT CARTE;04/01/2024;0;04/01/2024;9; 356 736,60 XOF ; 775 720,00 XOF ;Sénégal;Afrique
238;579;En ligne;4;752;VIREMENT;04/01/2024;4;08/01/2024;6; 1 842 997,20 XOF ; 5 562 480,00 XOF ;Burkina Faso;Afrique
267;4032;Store;4;388;DÉBIT CARTE;05/01/2024;4;08/01/2024;13; 1 504 849,50 XOF ; 3 272 568,75 XOF ;Côte d'ivoire;Afrique
268;314;Store;4;453;VIREMENT;05/01/2024;2;09/01/2024;12; 716 169,30 XOF ; 1 404 810,00 XOF ;France;Europe
269;8198;Store;2;1345;VIREMENT;05/01/2024;4;09/01/2024;12; 1 625 949,33 XOF ; 3 535 675,00 XOF ;France;Europe
270;2664;En ligne;4;751;VIREMENT;05/01/2024;4;09/01/2024;12; 911 896,70 XOF ; 1 983 052,50 XOF ;Belgique;Europe
271;8651;Store;4;348;DÉBIT CARTE;05/01/2024;2;08/01/2024;12; 719 433,00 XOF ; 1 564 447,50 XOF ;France;Europe
272;10866;Store;3;1238;DÉBIT CARTE;05/01/2024;2;11/01/2024;10; 1 846 119,00 XOF ; 5 571 940,00 XOF ;Etats-Unis;Amérique
273;7249;Store;4;1643;DÉBIT CARTE;05/01/2024;4;10/01/2024;10; 103 941,75 XOF ; 203 981,25 XOF ;Etats-Unis;Amérique
274;5016;Store;1;1150;VIREMENT;05/01/2024;4;10/01/2024;10; 216 255,60 XOF ; 424 281,00 XOF ;Burkina Faso;Afrique
275;5016;Store;3;1217;VIREMENT;05/01/2024;4;10/01/2024;10; 141 048,60 XOF ; 276 669,53 XOF ;Etats-Unis;Amérique
276;314;En ligne;4;869;VIREMENT;05/01/2024;2;09/01/2024;10; 354 962,85 XOF ; 1 071 345,00 XOF ;Etats-Unis;Amérique
277;2664;Store;1;956;VIREMENT;05/01/2024;4;09/01/2024;10; 643 847,60 XOF ; 1 400 080,00 XOF ;Canada;Amérique
278;8651;Store;2;1248;DÉBIT CARTE;05/01/2024;2;08/01/2024;10; 716 169,30 XOF ; 1 404 810,00 XOF ;Etats-Unis;Amérique
279;8651;En ligne;3;1512;DÉBIT CARTE;05/01/2024;2;08/01/2024;10; 2 920 124,63 XOF ; 6 350 025,00 XOF ;Etats-Unis;Amérique
280;3539;Store;1;1163;VIREMENT;05/01/2024;2;08/01/2024;10; 185 711,63 XOF ; 403 882,88 XOF ;France;Europe
281;10284;En ligne;3;1287;VIREMENT;05/01/2024;4;11/01/2024;9; 758 100,75 XOF ; 2 288 137,50 XOF ;France;Europe
282;5016;Store;2;189;VIREMENT;05/01/2024;4;10/01/2024;9; 361 372,00 XOF ; 709 027,00 XOF ;Etats-Unis;Amérique
283;8198;Store;3;900;VIREMENT;05/01/2024;4;09/01/2024;9; 5 289 109,65 XOF ; 15 963 750,00 XOF ;France;Europe
284;3539;En ligne;4;1055;VIREMENT;05/01/2024;2;08/01/2024;9; 50 232,60 XOF ; 98 620,50 XOF ;France;Europe
285;4032;Store;4;1513;DÉBIT CARTE;05/01/2024;4;08/01/2024;9; 596 831,40 XOF ; 1 170 568,58 XOF ;Côte d'ivoire;Afrique
286;10866;En ligne;4;1494;DÉBIT CARTE;05/01/2024;2;11/01/2024;8; 4 492 305,68 XOF ; 13 558 545,00 XOF ;Belgique;Europe
287;5016;En ligne;4;511;VIREMENT;05/01/2024;4;10/01/2024;8; 90 425,78 XOF ; 177 339,53 XOF ;France;Europe
288;3539;En ligne;4;400;VIREMENT;05/01/2024;2;08/01/2024;8; 119 361,55 XOF ; 234 135,00 XOF ;Etats-Unis;Amérique
289;2664;Store;3;516;VIREMENT;05/01/2024;4;09/01/2024;6; 356 736,60 XOF ; 775 720,00 XOF ;Côte d'ivoire;Afrique
290;4032;Store;1;548;DÉBIT CARTE;05/01/2024;4;08/01/2024;5; 64 599,98 XOF ; 126 645,75 XOF ;Etats-Unis;Amérique
291;10284;Store;3;802;VIREMENT;05/01/2024;4;11/01/2024;4; 1 463 343,75 XOF ; 3 182 107,50 XOF ;Canada;Amérique
292;6040;Store;4;2509;ESPÈCES;05/01/2024;4;09/01/2024;180; 186 622,15 XOF ; 365 865,50 XOF ;Etats-Unis;Amérique
293;6040;Store;4;2506;ESPÈCES;05/01/2024;4;09/01/2024;100; 515 522,70 XOF ; 1 121 010,00 XOF ;France;Europe
294;3297;Store;1;436;ESPÈCES;05/01/2024;1;07/01/2024;30; 6 518 886,00 XOF ; 14 175 810,00 XOF ;France;Europe
295;6664;Store;3;405;ESPÈCES;05/01/2024;4;07/01/2024;30; 81 261,40 XOF ; 159 401,00 XOF ;Etats-Unis;Amérique
296;8300;Store;4;1559;ESPÈCES;05/01/2024;4;10/01/2024;12; 309 625,80 XOF ; 673 173,60 XOF ;Etats-Unis;Amérique
297;7081;Store;1;1175;ESPÈCES;05/01/2024;4;08/01/2024;12; 357 233,25 XOF ; 700 631,25 XOF ;France;Europe
298;4748;Store;4;318;ESPÈCES;05/01/2024;4;11/01/2024;10; 2 958 898,80 XOF ; 5 803 710,00 XOF ;France;Europe
299;7081;Store;2;1040;ESPÈCES;05/01/2024;4;08/01/2024;9; 40 985,45 XOF ; 80 386,35 XOF ;Belgique;Europe
300;7081;Store;2;722;ESPÈCES;05/01/2024;4;08/01/2024;9; 561 167,20 XOF ; 1 220 340,00 XOF ;Côte d'ivoire;Afrique
301;6040;Store;4;1050;ESPÈCES;05/01/2024;4;09/01/2024;4; 19 599,94 XOF ; 38 431,25 XOF ;France;Europe
302;6040;Store;1;6;ESPÈCES;05/01/2024;4;09/01/2024;4; 239 952,90 XOF ; 470 635,00 XOF ;France;Europe
303;11364;Store;4;1427;ESPÈCES;06/01/2024;4;08/01/2024;26; 102 912,98 XOF ; 201 852,75 XOF ;Sénégal;Afrique
304;2718;Store;4;587;ESPÈCES;06/01/2024;4;12/01/2024;9; 783 288,00 XOF ; 1 536 304,00 XOF ;Ghana;Afrique
305;234;Store;1;893;VIREMENT;06/01/2024;4;12/01/2024;26; 88 616,55 XOF ; 173 827,50 XOF ;Ghana;Afrique
306;12434;En ligne;4;1269;VIREMENT;06/01/2024;4;11/01/2024;26; 4 561 233,60 XOF ; 9 918 810,00 XOF ;Sénégal;Afrique
307;12434;En ligne;4;1162;VIREMENT;06/01/2024;4;11/01/2024;24; 176 097,90 XOF ; 382 988,10 XOF ;Ghana;Afrique
308;1553;En ligne;4;601;DÉBIT CARTE;06/01/2024;4;09/01/2024;13; 819 898,20 XOF ; 1 608 200,00 XOF ;Burkina Faso;Afrique
309;234;Store;1;980;VIREMENT;06/01/2024;4;12/01/2024;12; 1 108 806,60 XOF ; 2 174 854,00 XOF ;Ghana;Afrique
310;5016;Store;1;932;VIREMENT;06/01/2024;4;11/01/2024;12; 5 570 994,00 XOF ; 16 814 724,30 XOF ;Burkina Faso;Afrique
311;865;Store;2;867;VIREMENT;06/01/2024;4;10/01/2024;12; 4 130 567,10 XOF ; 8 982 270,00 XOF ;Cameroun;Afrique
312;1553;Store;2;74;DÉBIT CARTE;06/01/2024;4;09/01/2024;12; 2 846 691,38 XOF ; 6 190 387,50 XOF ;Gabon;Afrique
313;9636;Store;2;1339;VIREMENT;06/01/2024;4;08/01/2024;12; 37 662,63 XOF ; 73 876,69 XOF ;Sénégal;Afrique
314;865;Store;2;1163;VIREMENT;06/01/2024;4;10/01/2024;10; 184 470,00 XOF ; 361 845,00 XOF ;Cameroun;Afrique
322;10048;En ligne;4;1459;VIREMENT;06/01/2024;4;09/01/2024;8; 119 077,75 XOF ; 233 543,75 XOF ;Gabon;Afrique
323;1553;Store;4;634;DÉBIT CARTE;06/01/2024;4;09/01/2024;6; 11 446,60 XOF ; 22 467,50 XOF ;Gabon;Afrique
324;9636;Store;2;772;VIREMENT;06/01/2024;4;08/01/2024;6; 197 134,58 XOF ; 386 677,50 XOF ;Cameroun;Afrique
325;7106;Store;1;495;DÉBIT CARTE;06/01/2024;4;08/01/2024;5; 1 138 924,88 XOF ; 3 437 527,50 XOF ;France;Europe
342;8224;Store;4;1244;DÉBIT CARTE;07/01/2024;1;09/01/2024;20; 38 431,25 XOF ; 75 384,38 XOF ;Cameroun;Afrique
343;1004;Store;3;449;VIREMENT;07/01/2024;4;13/01/2024;16; 754 233,98 XOF ; 1 479 307,50 XOF ;Cameroun;Afrique
344;1004;Store;3;1553;VIREMENT;07/01/2024;4;13/01/2024;12; 2 897 314,20 XOF ; 6 300 360,00 XOF ;Etats-Unis;Amérique
345;8224;Store;1;326;DÉBIT CARTE;07/01/2024;1;09/01/2024;12; 121 980,79 XOF ; 265 175,63 XOF ;Etats-Unis;Amérique
346;8224;En ligne;4;553;DÉBIT CARTE;07/01/2024;1;09/01/2024;12; 2 099 499,19 XOF ; 4 565 632,50 XOF ;Sénégal;Afrique
347;1004;En ligne;4;1359;VIREMENT;07/01/2024;4;13/01/2024;10; 432 511,20 XOF ; 848 562,00 XOF ;Etats-Unis;Amérique
348;1004;Store;3;480;VIREMENT;07/01/2024;4;13/01/2024;10; 39 022,50 XOF ; 76 519,58 XOF ;Sénégal;Afrique
349;1010;Store;3;281;DÉBIT CARTE;07/01/2024;4;12/01/2024;10; 86 133,30 XOF ; 168 861,00 XOF ;Cameroun;Afrique
350;1010;Store;1;207;DÉBIT CARTE;07/01/2024;4;12/01/2024;10; 61 478,18 XOF ; 120 579,53 XOF ;Sénégal;Afrique
351;9073;Store;4;1012;VIREMENT;07/01/2024;4;12/01/2024;10; 7 146 225,90 XOF ; 21 568 800,00 XOF ;Burkina Faso;Afrique
352;11073;En ligne;4;1450;DÉBIT CARTE;07/01/2024;4;11/01/2024;10; 84 075,75 XOF ; 164 958,75 XOF ;Etats-Unis;Amérique
353;7258;Store;1;603;DÉBIT CARTE;07/01/2024;4;09/01/2024;10; 141 864,53 XOF ; 308 526,08 XOF ;Burkina Faso;Afrique
354;8224;Store;2;1198;DÉBIT CARTE;07/01/2024;1;09/01/2024;10; 5 872 957,20 XOF ; 12 771 000,00 XOF ;Burkina Faso;Afrique
355;1004;Store;2;729;VIREMENT;07/01/2024;4;13/01/2024;9; 45 195,15 XOF ; 88 652,03 XOF ;Etats-Unis;Amérique
356;1010;Store;1;793;DÉBIT CARTE;07/01/2024;4;12/01/2024;9; 5 701 542,00 XOF ; 12 398 512,50 XOF ;Sénégal;Afrique
357;9073;Store;3;1550;VIREMENT;07/01/2024;4;12/01/2024;9; 1 021 396,20 XOF ; 3 082 777,50 XOF ;Sénégal;Afrique
358;1010;En ligne;4;820;DÉBIT CARTE;07/01/2024;4;12/01/2024;8; 347 903,33 XOF ; 1 050 060,00 XOF ;Burkina Faso;Afrique
359;1010;Store;4;468;DÉBIT CARTE;07/01/2024;4;12/01/2024;8; 3 472 576,80 XOF ; 6 811 200,00 XOF ;Burkina Faso;Afrique
369;4564;Store;3;226;ESPÈCES;07/01/2024;1;09/01/2024;4; 1 958 456,50 XOF ; 3 841 587,75 XOF ;Sénégal;Afrique
370;706;Store;4;1010;ESPÈCES;08/01/2024;1;10/01/2024;9; 18 683,50 XOF ; 36 657,50 XOF ;Burkina Faso;Afrique
371;706;Store;4;979;ESPÈCES;08/01/2024;1;10/01/2024;9; 361 703,10 XOF ; 709 500,00 XOF ;Burkina Faso;Afrique
372;996;Store;4;40;ESPÈCES;08/01/2024;2;11/01/2024;8; 376 129,60 XOF ; 737 785,40 XOF ;Sénégal;Afrique
373;996;Store;4;1474;ESPÈCES;08/01/2024;2;11/01/2024;8; 140 291,80 XOF ; 305 085,00 XOF ;Sénégal;Afrique
374;9222;Store;3;122;DÉBIT CARTE;08/01/2024;4;13/01/2024;12; 1 298 822,53 XOF ; 3 919 987,50 XOF ;Burkina Faso;Afrique
375;11765;En ligne;4;774;DÉBIT CARTE;08/01/2024;2;10/01/2024;12; 50 327,20 XOF ; 98 691,45 XOF ;Sénégal;Afrique
376;9222;Store;1;1193;DÉBIT CARTE;08/01/2024;4;13/01/2024;10; 447 623,55 XOF ; 878 006,25 XOF ;Sénégal;Afrique
377;11765;En ligne;4;920;DÉBIT CARTE;08/01/2024;2;10/01/2024;10; 1 321 319,59 XOF ; 2 873 315,36 XOF ;Burkina Faso;Afrique
378;11765;Store;4;664;DÉBIT CARTE;08/01/2024;2;10/01/2024;10; 481 514,00 XOF ; 945 054,00 XOF ;Burkina Faso;Afrique
379;4330;Store;3;1053;DÉBIT CARTE;08/01/2024;1;10/01/2024;10; 233 319,08 XOF ; 457 627,50 XOF ;Sénégal;Afrique
380;4062;Store;3;1386;DÉBIT CARTE;08/01/2024;4;14/01/2024;9; 196 673,40 XOF ; 427 722,08 XOF ;France;Europe
381;11765;Store;4;506;DÉBIT CARTE;08/01/2024;2;10/01/2024;9; 2 504 251,20 XOF ; 7 558 540,00 XOF ;France;Europe
382;11765;Store;3;1122;DÉBIT CARTE;08/01/2024;2;10/01/2024;9; 1 193 449,95 XOF ; 2 340 817,88 XOF ;Etats-Unis;Amérique
383;3400;Store;1;1330;DÉBIT CARTE;08/01/2024;4;10/01/2024;9; 15 679,95 XOF ; 30 745,00 XOF ;France;Europe
384;9222;En ligne;3;564;DÉBIT CARTE;08/01/2024;4;13/01/2024;6; 143 602,80 XOF ; 312 180,00 XOF ;France;Europe
385;10252;Store;3;2490;ESPÈCES;08/01/2024;2;13/01/2024;240; 17 323,63 XOF ; 33 996,88 XOF ;Burkina Faso;Afrique
386;996;Store;2;2488;ESPÈCES;08/01/2024;2;11/01/2024;100; 24 099,35 XOF ; 47 276,35 XOF ;France;Europe
387;706;Store;1;388;ESPÈCES;08/01/2024;1;10/01/2024;12; 1 982 248,40 XOF ; 3 888 060,00 XOF ;Burkina Faso;Afrique
388;996;Store;1;1113;ESPÈCES;08/01/2024;2;11/01/2024;10; 8 372,10 XOF ; 16 436,75 XOF ;Sénégal;Afrique
389;996;Store;2;153;ESPÈCES;08/01/2024;2;11/01/2024;10; 50 516,40 XOF ; 152 507,03 XOF ;Sénégal;Afrique
390;706;Store;2;547;ESPÈCES;08/01/2024;1;10/01/2024;10; 3 420 925,20 XOF ; 7 439 107,50 XOF ;Sénégal;Afrique
391;10252;Store;3;739;ESPÈCES;08/01/2024;2;13/01/2024;9; 1 219 630,50 XOF ; 2 652 111,00 XOF ;Sénégal;Afrique
392;10252;Store;4;1044;ESPÈCES;08/01/2024;2;13/01/2024;8; 2 088 377,78 XOF ; 4 096 298,25 XOF ;France;Europe
393;5907;Store;4;817;ESPÈCES;09/01/2024;4;13/01/2024;26; 470 280,25 XOF ; 922 350,00 XOF ;Etats-Unis;Amérique
394;4575;Store;3;382;ESPÈCES;09/01/2024;4;11/01/2024;10; 2 718 922,25 XOF ; 5 912 500,00 XOF ;Etats-Unis;Amérique
395;9897;Store;3;2494;DÉBIT CARTE;09/01/2024;2;11/01/2024;240; 1 625 937,50 XOF ; 3 535 675,00 XOF ;Etats-Unis;Amérique
396;970;En ligne;4;1434;DÉBIT CARTE;09/01/2024;4;15/01/2024;27; 26 890,05 XOF ; 81 202,28 XOF ;Etats-Unis;Amérique
409;2813;En ligne;3;1010;VIREMENT;09/01/2024;4;13/01/2024;9; 3 257 314,50 XOF ; 7 083 175,00 XOF ;Côte d'ivoire;Afrique
410;1979;En ligne;4;863;DÉBIT CARTE;09/01/2024;4;13/01/2024;9; 212 022,25 XOF ; 461 056,75 XOF ;Etats-Unis;Amérique
411;970;En ligne;4;149;DÉBIT CARTE;09/01/2024;4;15/01/2024;8; 535 104,90 XOF ; 1 163 580,00 XOF ;Côte d'ivoire;Afrique
412;1412;En ligne;4;290;DÉBIT CARTE;09/01/2024;4;14/01/2024;8; 783 524,50 XOF ; 2 365 000,00 XOF ;Côte d'ivoire;Afrique
413;5641;Store;4;341;VIREMENT;09/01/2024;4;12/01/2024;8; 578 479,00 XOF ; 1 134 608,75 XOF ;Burkina Faso;Afrique
414;5641;Store;4;719;VIREMENT;09/01/2024;4;12/01/2024;6; 9 790 745,25 XOF ; 29 550 675,00 XOF ;Etats-Unis;Amérique
421;12121;Store;1;2511;VIREMENT;10/01/2024;4;14/01/2024;240; 355 696,00 XOF ; 697 675,00 XOF ;Côte d'ivoire;Afrique
422;3723;En ligne;3;2492;DÉBIT CARTE;10/01/2024;4;12/01/2024;200; 1 326 055,50 XOF ; 2 600 908,75 XOF ;Gabon;Afrique
423;12121;En ligne;3;58;VIREMENT;10/01/2024;4;14/01/2024;48; 1 808 515,50 XOF ; 3 547 381,75 XOF ;Gabon;Afrique
424;1979;Store;4;946;DÉBIT CARTE;10/01/2024;4;14/01/2024;26; 2 224 637,25 XOF ; 4 363 425,00 XOF ;Gabon;Afrique
425;3723;En ligne;3;1615;DÉBIT CARTE;10/01/2024;4;12/01/2024;24; 4 654 793,00 XOF ; 10 122 200,00 XOF ;Côte d'ivoire;Afrique
426;8724;Store;4;1374;DÉBIT CARTE;10/01/2024;4;16/01/2024;20; 3 257 314,50 XOF ; 7 083 175,00 XOF ;Côte d'ivoire;Afrique
427;8724;En ligne;4;939;DÉBIT CARTE;10/01/2024;4;16/01/2024;20; 838 037,75 XOF ; 1 643 675,00 XOF ;Côte d'ivoire;Afrique
428;5585;Store;4;645;DÉBIT CARTE;10/01/2024;4;16/01/2024;13; 897 281,00 XOF ; 1 951 125,00 XOF ;Côte d'ivoire;Afrique
429;10780;Store;2;350;VIREMENT;10/01/2024;4;15/01/2024;13; 1 087 308,75 XOF ; 2 364 408,75 XOF ;Côte d'ivoire;Afrique
430;5585;En ligne;4;269;DÉBIT CARTE;10/01/2024;4;16/01/2024;12; 2 713 482,75 XOF ; 5 900 675,00 XOF ;Côte d'ivoire;Afrique
431;1979;En ligne;4;792;DÉBIT CARTE;10/01/2024;4;14/01/2024;12; 3 801 028,00 XOF ; 8 265 675,00 XOF ;Côte d'ivoire;Afrique
432;8724;Store;4;1282;DÉBIT CARTE;10/01/2024;4;16/01/2024;10; 1 685 772,00 XOF ; 3 665 750,00 XOF ;Côte d'ivoire;Afrique
433;8724;Store;4;1177;DÉBIT CARTE;10/01/2024;4;16/01/2024;10; 799 370,00 XOF ; 1 738 275,00 XOF ;Burkina Faso;Afrique
451;2228;Store;2;729;ESPÈCES;10/01/2024;4;14/01/2024;10; 179 385,25 XOF ; 390 106,75 XOF ;Côte d'ivoire;Afrique
452;2228;Store;4;1302;ESPÈCES;10/01/2024;4;14/01/2024;9; 1 685 772,00 XOF ; 3 665 750,00 XOF ;Burkina Faso;Afrique
453;2228;Store;4;1361;ESPÈCES;10/01/2024;4;14/01/2024;8; 1 965 315,00 XOF ; 3 854 950,00 XOF ;Côte d'ivoire;Afrique
454;6612;Store;3;1114;ESPÈCES;11/01/2024;4;13/01/2024;36; 576 161,30 XOF ; 1 252 858,75 XOF ;Côte d'ivoire;Afrique
455;11846;Store;4;285;ESPÈCES;11/01/2024;0;12/01/2024;18; 1 198 209,51 XOF ; 2 605 638,75 XOF ;Côte d'ivoire;Afrique
456;11846;Store;4;398;ESPÈCES;11/01/2024;0;12/01/2024;10; 1 162 929,63 XOF ; 2 528 776,25 XOF ;Cameroun;Afrique
457;11454;Store;2;2503;DÉBIT CARTE;11/01/2024;4;14/01/2024;120; 70 482,91 XOF ; 153 340,69 XOF ;Côte d'ivoire;Afrique
458;11784;Store;4;268;VIREMENT;11/01/2024;4;16/01/2024;24; 701 459,00 XOF ; 1 525 425,00 XOF ;Burkina Faso;Afrique
459;11454;En ligne;4;616;DÉBIT CARTE;11/01/2024;4;14/01/2024;24; 2 117 254,43 XOF ; 4 604 063,75 XOF ;Côte d'ivoire;Afrique
460;11454;Store;3;574;DÉBIT CARTE;11/01/2024;4;14/01/2024;24; 1 236 948,21 XOF ; 2 689 803,19 XOF ;Burkina Faso;Afrique
461;8186;Store;2;379;VIREMENT;11/01/2024;4;17/01/2024;20; 804 809,50 XOF ; 1 750 100,00 XOF ;Canada;Amérique
462;11784;Store;1;441;VIREMENT;11/01/2024;4;16/01/2024;20; 5 676,00 XOF ; 11 233,75 XOF ;Burkina Faso;Afrique
463;2686;Store;4;469;DÉBIT CARTE;11/01/2024;2;16/01/2024;18; 1 946 749,75 XOF ; 4 233 350,00 XOF ;Burkina Faso;Afrique
464;2686;Store;1;831;DÉBIT CARTE;11/01/2024;2;16/01/2024;18; 1 631 377,00 XOF ; 3 547 500,00 XOF ;Burkina Faso;Afrique
465;5713;En ligne;4;632;DÉBIT CARTE;11/01/2024;4;13/01/2024;18; 583 232,65 XOF ; 1 268 231,25 XOF ;Burkina Faso;Afrique
466;3459;Store;2;441;DÉBIT CARTE;11/01/2024;4;15/01/2024;15; 652 101,45 XOF ; 1 418 113,13 XOF ;Burkina Faso;Afrique
467;3459;Store;3;1414;DÉBIT CARTE;11/01/2024;4;15/01/2024;13; 353 413,78 XOF ; 768 548,14 XOF ;France;Europe
468;10174;Store;2;277;VIREMENT;11/01/2024;4;17/01/2024;12; 2 477 810,50 XOF ; 4 860 075,00 XOF ;Etats-Unis;Amérique
469;8186;Store;2;55;VIREMENT;11/01/2024;4;17/01/2024;12; 971 660,25 XOF ; 2 932 600,00 XOF ;Etats-Unis;Amérique
470;5713;Store;2;674;DÉBIT CARTE;11/01/2024;4;13/01/2024;12; 695 989,94 XOF ; 1 513 422,63 XOF ;Burkina Faso;Afrique
471;9790;En ligne;3;641;DÉBIT CARTE;11/01/2024;4;13/01/2024;12; 1 289 214,71 XOF ; 2 528 776,25 XOF ;Burkina Faso;Afrique
472;2686;Store;2;1611;DÉBIT CARTE;11/01/2024;2;16/01/2024;10; 1 808 042,50 XOF ; 3 546 317,50 XOF ;Burkina Faso;Afrique
473;2744;En ligne;3;427;DÉBIT CARTE;11/01/2024;4;15/01/2024;10; 2 191 503,60 XOF ; 4 765 475,00 XOF ;Canada;Amérique
474;11454;En ligne;4;587;DÉBIT CARTE;11/01/2024;4;14/01/2024;10; 137 814,46 XOF ; 299 686,89 XOF ;Burkina Faso;Afrique
475;11454;Store;2;1057;DÉBIT CARTE;11/01/2024;4;14/01/2024;10; 668 011,99 XOF ; 1 452 701,25 XOF ;Etats-Unis;Amérique
476;10174;En ligne;4;1182;VIREMENT;11/01/2024;4;17/01/2024;9; 92 353,25 XOF ; 200 906,75 XOF ;Côte d'ivoire;Afrique
477;11784;Store;2;1052;VIREMENT;11/01/2024;4;16/01/2024;9; 387 925,04 XOF ; 760 938,75 XOF ;Canada;Amérique
478;7322;Store;1;995;DÉBIT CARTE;11/01/2024;2;14/01/2024;9; 682 462,14 XOF ; 2 059 915,00 XOF ;Côte d'ivoire;Afrique
479;10174;En ligne;3;1382;VIREMENT;11/01/2024;4;17/01/2024;6; 83 839,25 XOF ; 164 367,50 XOF ;Côte d'ivoire;Afrique
480;7659;En ligne;4;836;DÉBIT CARTE;11/01/2024;4;17/01/2024;6; 858 022,00 XOF ; 2 589 675,00 XOF ;Côte d'ivoire;Afrique
485;11846;Store;4;612;ESPÈCES;11/01/2024;0;12/01/2024;13; 738 494,90 XOF ; 2 229 012,50 XOF ;Burkina Faso;Afrique
493;1589;Store;2;2489;DÉBIT CARTE;12/01/2024;4;14/01/2024;100; 662 093,58 XOF ; 1 998 348,14 XOF ;Burkina Faso;Afrique
497;11784;En ligne;4;177;VIREMENT;12/01/2024;4;17/01/2024;15; 565 477,41 XOF ; 1 229 723,14 XOF ;Etats-Unis;Amérique
498;3543;En ligne;4;1587;DÉBIT CARTE;12/01/2024;4;17/01/2024;13; 77 784,85 XOF ; 169 097,50 XOF ;Canada;Amérique
499;5311;Store;4;1236;DÉBIT CARTE;12/01/2024;4;16/01/2024;13; 1 500 663,45 XOF ; 2 943 449,44 XOF ;Canada;Amérique
500;5311;En ligne;4;1117;DÉBIT CARTE;12/01/2024;4;16/01/2024;12; 561 941,74 XOF ; 1 102 208,25 XOF ;Canada;Amérique
501;11914;Store;4;570;DÉBIT CARTE;12/01/2024;4;15/01/2024;12; 576 161,30 XOF ; 1 252 858,75 XOF ;France;Europe
502;11914;Store;1;737;DÉBIT CARTE;12/01/2024;4;15/01/2024;12; 565 477,41 XOF ; 1 229 723,14 XOF ;Etats-Unis;Amérique
503;11914;Store;3;6;DÉBIT CARTE;12/01/2024;4;15/01/2024;12; 1 410 350,01 XOF ; 3 066 813,75 XOF ;Ghana;Afrique
529;6850;Store;4;1504;ESPÈCES;12/01/2024;4;18/01/2024;8; 78 015,44 XOF ; 152 956,38 XOF ;Canada;Amérique
530;12192;Store;4;1550;ESPÈCES;12/01/2024;4;15/01/2024;8; 3 308 008,28 XOF ; 9 984 438,75 XOF ;Etats-Unis;Amérique
531;10010;Store;1;649;ESPÈCES;12/01/2024;1;14/01/2024;6; 660 633,19 XOF ; 1 436 560,13 XOF ;Etats-Unis;Amérique
532;1708;Store;4;767;ESPÈCES;13/01/2024;1;15/01/2024;26; 723 217,00 XOF ; 1 572 606,75 XOF ;Côte d'ivoire;Afrique
533;8551;Store;4;360;ESPÈCES;13/01/2024;4;18/01/2024;12; 107 962,25 XOF ; 211 667,50 XOF ;Etats-Unis;Amérique
534;8551;Store;4;662;ESPÈCES;13/01/2024;4;18/01/2024;10; 3 039 734,50 XOF ; 6 610 175,00 XOF ;Côte d'ivoire;Afrique
535;9729;Store;3;792;ESPÈCES;13/01/2024;4;15/01/2024;9; 157 627,25 XOF ; 342 806,75 XOF ;Etats-Unis;Amérique
536;8551;Store;4;213;ESPÈCES;13/01/2024;4;18/01/2024;8; 238 273,75 XOF ; 518 053,25 XOF ;Ghana;Afrique
541;1583;Store;2;198;DÉBIT CARTE;13/01/2024;2;18/01/2024;13; 2 598 425,50 XOF ; 5 096 575,00 XOF ;Côte d'ivoire;Afrique
542;2404;Store;2;1305;VIREMENT;13/01/2024;4;19/01/2024;12; 2 470 668,20 XOF ; 5 372 688,75 XOF ;Ghana;Afrique
543;11177;En ligne;4;64;VIREMENT;13/01/2024;2;17/01/2024;12; 4 622 156,00 XOF ; 10 051 250,00 XOF ;Côte d'ivoire;Afrique
544;5243;Store;2;381;VIREMENT;13/01/2024;4;15/01/2024;12; 41 860,50 XOF ; 82 183,75 XOF ;Côte d'ivoire;Afrique
548;7649;Store;3;1635;DÉBIT CARTE;13/01/2024;4;17/01/2024;10; 130 075,00 XOF ; 255 065,25 XOF ;Côte d'ivoire;Afrique
549;11177;En ligne;4;1363;VIREMENT;13/01/2024;2;17/01/2024;10; 2 465 749,00 XOF ; 4 836 425,00 XOF ;Etats-Unis;Amérique
550;3382;En ligne;4;1087;DÉBIT CARTE;13/01/2024;4;19/01/2024;9; 1 593 300,50 XOF ; 3 464 725,00 XOF ;Côte d'ivoire;Afrique
551;11177;Store;4;1389;VIREMENT;13/01/2024;2;17/01/2024;9; 663 146,00 XOF ; 1 300 631,75 XOF ;Côte d'ivoire;Afrique
552;1583;En ligne;4;1196;DÉBIT CARTE;13/01/2024;2;18/01/2024;8; 701 340,75 XOF ; 2 116 675,00 XOF ;Côte d'ivoire;Afrique
553;1527;Store;3;1009;VIREMENT;13/01/2024;4;15/01/2024;8; 1 033 150,25 XOF ; 2 246 750,00 XOF ;Côte d'ivoire;Afrique
554;3389;Store;2;1383;DÉBIT CARTE;13/01/2024;2;18/01/2024;5; 838 037,75 XOF ; 1 643 675,00 XOF ;Ghana;Afrique
555;1527;Store;3;1244;VIREMENT;13/01/2024;4;15/01/2024;5; 4 622 156,00 XOF ; 10 051 250,00 XOF ;France;Europe
604;12302;Store;3;729;VIREMENT;15/01/2024;1;17/01/2024;12; 2 697 448,05 XOF ; 8 141 512,50 XOF ;Côte d'ivoire;Afrique
605;8078;Store;3;1445;DÉBIT CARTE;15/01/2024;1;17/01/2024;12; 591 403,73 XOF ; 1 160 032,50 XOF ;Côte d'ivoire;Afrique
606;8675;Store;2;1651;VIREMENT;15/01/2024;4;19/01/2024;10; 2 225 346,75 XOF ; 6 716 600,00 XOF ;Côte d'ivoire;Afrique
607;9720;Store;4;1495;DÉBIT CARTE;15/01/2024;1;17/01/2024;10; 404 415,00 XOF ; 792 275,00 XOF ;Côte d'ivoire;Afrique
608;8078;En ligne;4;451;DÉBIT CARTE;15/01/2024;1;17/01/2024;10; 1 277 454,75 XOF ; 2 505 717,50 XOF ;Côte d'ivoire;Afrique
609;10331;Store;4;1467;DÉBIT CARTE;15/01/2024;4;18/01/2024;9; 3 144 504,00 XOF ; 6 167 920,00 XOF ;Côte d'ivoire;Afrique
610;10331;En ligne;4;927;DÉBIT CARTE;15/01/2024;4;18/01/2024;9; 3 420 925,20 XOF ; 7 439 107,50 XOF ;Côte d'ivoire;Afrique
611;8078;Store;4;349;DÉBIT CARTE;15/01/2024;1;17/01/2024;9; 8 148 607,50 XOF ; 17 719 762,50 XOF ;Côte d'ivoire;Afrique
612;6376;Store;3;1384;DÉBIT CARTE;15/01/2024;2;17/01/2024;6; 97 166,03 XOF ; 190 500,75 XOF ;Côte d'ivoire;Afrique
613;8078;Store;2;167;DÉBIT CARTE;15/01/2024;1;17/01/2024;5; 1 304 947,88 XOF ; 2 837 822,63 XOF ;Côte d'ivoire;Afrique
614;10331;Store;1;1589;DÉBIT CARTE;15/01/2024;4;18/01/2024;4; 406 307,00 XOF ; 797 005,00 XOF ;Burkina Faso;Afrique
615;10139;Store;2;851;ESPÈCES;15/01/2024;4;20/01/2024;13; 68 821,50 XOF ; 149 704,50 XOF ;Côte d'ivoire;Afrique
616;3265;Store;4;1427;ESPÈCES;15/01/2024;1;17/01/2024;12; 380 150,10 XOF ; 826 709,40 XOF ;Côte d'ivoire;Afrique
617;3265;Store;1;388;ESPÈCES;15/01/2024;1;17/01/2024;10; 108 021,38 XOF ; 211 785,75 XOF ;Côte d'ivoire;Afrique
626;4919;Store;4;324;ESPÈCES;16/01/2024;4;22/01/2024;8; 207 883,50 XOF ; 407 962,50 XOF ;Côte d'ivoire;Afrique
627;4700;En ligne;4;1614;VIREMENT;16/01/2024;4;21/01/2024;30; 356 736,60 XOF ; 775 720,00 XOF ;Côte d'ivoire;Afrique
628;10225;En ligne;3;295;DÉBIT CARTE;16/01/2024;4;18/01/2024;26; 190 695,86 XOF ; 414 826,91 XOF ;Côte d'ivoire;Afrique
629;3270;Store;4;761;DÉBIT CARTE;16/01/2024;4;19/01/2024;24; 68 608,65 XOF ; 134 568,50 XOF ;Burkina Faso;Afrique
630;10225;Store;4;448;DÉBIT CARTE;16/01/2024;4;18/01/2024;18; 125 439,60 XOF ; 245 960,00 XOF ;Côte d'ivoire;Afrique
640;4919;Store;2;440;ESPÈCES;16/01/2024;4;22/01/2024;24; 1 176 457,43 XOF ; 3 551 047,50 XOF ;Côte d'ivoire;Afrique
641;4919;Store;1;1341;ESPÈCES;16/01/2024;4;22/01/2024;18; 5 989 740,90 XOF ; 18 078 060,00 XOF ;Côte d'ivoire;Afrique
642;2936;Store;1;1633;ESPÈCES;16/01/2024;4;19/01/2024;13; 1 017 966,95 XOF ; 2 213 640,00 XOF ;Burkina Faso;Afrique
643;2936;Store;3;729;ESPÈCES;16/01/2024;4;19/01/2024;12; 269 184,30 XOF ; 585 337,50 XOF ;Canada;Amérique
644;535;Store;3;638;ESPÈCES;16/01/2024;4;18/01/2024;12; 783 004,20 XOF ; 1 702 705,40 XOF ;Sénégal;Afrique
645;4919;Store;2;1513;ESPÈCES;16/01/2024;4;22/01/2024;10; 75 490,80 XOF ; 148 037,18 XOF ;Canada;Amérique
646;535;Store;2;340;ESPÈCES;16/01/2024;4;18/01/2024;10; 39 123,01 XOF ; 76 785,64 XOF ;Burkina Faso;Afrique
647;535;Store;4;643;ESPÈCES;16/01/2024;4;18/01/2024;9; 210 437,70 XOF ; 457 627,50 XOF ;Burkina Faso;Afrique
648;2936;Store;3;1490;ESPÈCES;16/01/2024;4;19/01/2024;8; 542 412,75 XOF ; 1 063 895,25 XOF ;Burkina Faso;Afrique
649;5871;Store;4;728;ESPÈCES;17/01/2024;2;19/01/2024;12; 80 776,58 XOF ; 175 601,25 XOF ;Cameroun;Afrique
650;10348;En ligne;4;2511;DÉBIT CARTE;17/01/2024;2;23/01/2024;400; 1 768 783,50 XOF ; 3 469 455,00 XOF ;Ghana;Afrique
651;10973;Store;1;2516;DÉBIT CARTE;17/01/2024;0;18/01/2024;120; 271 206,38 XOF ; 531 947,63 XOF ;Canada;Amérique
652;2418;En ligne;4;899;DÉBIT CARTE;17/01/2024;4;23/01/2024;32; 481 514,00 XOF ; 945 054,00 XOF ;Burkina Faso;Afrique
653;10973;En ligne;4;375;DÉBIT CARTE;17/01/2024;0;18/01/2024;26; 2 128 216,20 XOF ; 6 423 340,00 XOF ;Burkina Faso;Afrique
654;10348;Store;2;1308;DÉBIT CARTE;17/01/2024;2;23/01/2024;24; 658 250,45 XOF ; 1 290 982,55 XOF ;Burkina Faso;Afrique
655;11295;Store;3;1621;VIREMENT;17/01/2024;2;22/01/2024;20; 86 842,80 XOF ; 170 280,00 XOF ;Ghana;Afrique
656;10348;Store;1;1109;DÉBIT CARTE;17/01/2024;2;23/01/2024;13; 90 082,85 XOF ; 176 783,75 XOF ;Burkina Faso;Afrique
657;2418;Store;4;1108;DÉBIT CARTE;17/01/2024;4;23/01/2024;13; 778 747,20 XOF ; 1 693 340,00 XOF ;Ghana;Afrique
658;6091;En ligne;3;323;VIREMENT;17/01/2024;4;20/01/2024;13; 48 636,23 XOF ; 95 427,75 XOF ;Ghana;Afrique
659;10348;Store;4;1241;DÉBIT CARTE;17/01/2024;2;23/01/2024;12; 194 935,13 XOF ; 423 926,25 XOF ;Ghana;Afrique
660;11295;Store;1;1478;VIREMENT;17/01/2024;2;22/01/2024;12; 2 681 720,80 XOF ; 5 259 760,00 XOF ;Ghana;Afrique
661;11295;En ligne;4;336;VIREMENT;17/01/2024;2;22/01/2024;12; 423 252,23 XOF ; 830 115,00 XOF ;Cameroun;Afrique
672;6091;Store;2;429;VIREMENT;17/01/2024;4;20/01/2024;10; 282 877,65 XOF ; 554 793,53 XOF ;Ghana;Afrique
673;8467;Store;4;59;VIREMENT;17/01/2024;2;19/01/2024;10; 17 944,44 XOF ; 35 179,38 XOF ;Ghana;Afrique
674;10973;Store;2;372;DÉBIT CARTE;17/01/2024;0;18/01/2024;10; 46 472,25 XOF ; 91 135,28 XOF ;Ghana;Afrique
675;5328;En ligne;3;976;DÉBIT CARTE;17/01/2024;4;20/01/2024;9; 71 801,40 XOF ; 156 090,00 XOF ;Ghana;Afrique
676;11295;Store;3;520;VIREMENT;17/01/2024;2;22/01/2024;8; 558 482,93 XOF ; 1 214 427,50 XOF ;Canada;Amérique
677;7219;Store;4;275;DÉBIT CARTE;17/01/2024;2;19/01/2024;4; 75 490,80 XOF ; 148 037,18 XOF ;Canada;Amérique
678;221;Store;3;1466;ESPÈCES;17/01/2024;0;18/01/2024;10; 4 142 581,30 XOF ; 9 008 285,00 XOF ;Ghana;Afrique
679;221;Store;4;270;ESPÈCES;17/01/2024;0;18/01/2024;9; 291 498,08 XOF ; 879 780,00 XOF ;Côte d'ivoire;Afrique
680;221;Store;2;573;ESPÈCES;17/01/2024;0;18/01/2024;6; 1 011 049,33 XOF ; 1 983 052,50 XOF ;Ghana;Afrique
681;10912;En ligne;4;974;DÉBIT CARTE;18/01/2024;4;21/01/2024;60; 2 406 624,00 XOF ; 4 720 540,00 XOF ;Côte d'ivoire;Afrique
682;10912;Store;1;298;DÉBIT CARTE;18/01/2024;4;21/01/2024;26; 337 911,20 XOF ; 734 852,80 XOF ;Sénégal;Afrique
683;7377;En ligne;4;176;VIREMENT;18/01/2024;1;20/01/2024;26; 3 221 153,65 XOF ; 6 318 097,50 XOF ;Sénégal;Afrique
684;2683;Store;4;459;VIREMENT;18/01/2024;4;24/01/2024;24; 2 011 290,60 XOF ; 3 944 820,00 XOF ;France;Europe
685;12034;Store;3;870;VIREMENT;18/01/2024;4;20/01/2024;24; 509 290,93 XOF ; 1 537 250,00 XOF ;Cameroun;Afrique
686;8993;En ligne;4;1268;DÉBIT CARTE;18/01/2024;4;22/01/2024;20; 15 047,31 XOF ; 29 532,94 XOF ;Côte d'ivoire;Afrique
687;9197;En ligne;4;1106;VIREMENT;18/01/2024;4;23/01/2024;18; 1 526 773,05 XOF ; 4 608 202,50 XOF ;France;Europe
688;10912;Store;4;787;DÉBIT CARTE;18/01/2024;4;21/01/2024;18; 797 761,80 XOF ; 1 734 727,50 XOF ;Côte d'ivoire;Afrique
689;12034;Store;4;1621;VIREMENT;18/01/2024;4;20/01/2024;18; 911 530,13 XOF ; 1 787 940,00 XOF ;Sénégal;Afrique
690;8993;En ligne;4;720;DÉBIT CARTE;18/01/2024;4;22/01/2024;16; 363 973,50 XOF ; 713 047,50 XOF ;Ghana;Afrique
706;8993;Store;2;485;DÉBIT CARTE;18/01/2024;4;22/01/2024;4; 902 909,70 XOF ; 1 963 541,25 XOF ;Cameroun;Afrique
707;5964;Store;4;1242;ESPÈCES;19/01/2024;4;24/01/2024;24; 565 554,28 XOF ; 1 229 800,00 XOF ;Côte d'ivoire;Afrique
708;3625;Store;4;1583;ESPÈCES;19/01/2024;4;24/01/2024;20; 79 582,25 XOF ; 156 090,00 XOF ;Sénégal;Afrique
709;3625;Store;4;781;ESPÈCES;19/01/2024;4;24/01/2024;12; 483 849,44 XOF ; 1 460 387,50 XOF ;Sénégal;Afrique
710;6347;Store;4;672;ESPÈCES;19/01/2024;1;21/01/2024;9; 312 298,25 XOF ; 612 535,00 XOF ;Sénégal;Afrique
711;443;Store;4;265;DÉBIT CARTE;19/01/2024;4;23/01/2024;20; 74 734,00 XOF ; 146 630,00 XOF ;Sénégal;Afrique
712;443;Store;2;405;DÉBIT CARTE;19/01/2024;4;23/01/2024;13; 8 462 543,51 XOF ; 25 542 000,00 XOF ;Sénégal;Afrique
713;374;Store;1;1108;VIREMENT;19/01/2024;4;22/01/2024;13; 2 786 348,40 XOF ; 8 409 940,00 XOF ;Sénégal;Afrique
714;5001;Store;3;519;VIREMENT;19/01/2024;4;21/01/2024;13; 179 042,33 XOF ; 351 202,50 XOF ;Sénégal;Afrique
715;443;En ligne;4;1602;DÉBIT CARTE;19/01/2024;4;23/01/2024;10; 361 608,50 XOF ; 709 263,50 XOF ;Etats-Unis;Amérique
716;443;Store;1;1447;DÉBIT CARTE;19/01/2024;4;23/01/2024;10; 589 594,50 XOF ; 1 156 485,00 XOF ;Sénégal;Afrique
717;5001;Store;2;281;VIREMENT;19/01/2024;4;21/01/2024;10; 68 005,58 XOF ; 147 824,33 XOF ;Sénégal;Afrique
718;7292;Store;1;1075;VIREMENT;19/01/2024;4;22/01/2024;9; 23 975,19 XOF ; 47 004,38 XOF ;Sénégal;Afrique
719;374;Store;4;39;VIREMENT;19/01/2024;4;22/01/2024;9; 3 643 282,50 XOF ; 7 922 750,00 XOF ;Sénégal;Afrique
720;2523;Store;2;1196;VIREMENT;19/01/2024;4;21/01/2024;9; 3 308 469,45 XOF ; 7 194 330,00 XOF ;Sénégal;Afrique
721;7292;Store;3;316;VIREMENT;19/01/2024;4;22/01/2024;5; 578 573,60 XOF ; 1 135 010,80 XOF ;Sénégal;Afrique
722;374;Store;4;1309;VIREMENT;19/01/2024;4;22/01/2024;5; 2 002 173,53 XOF ; 3 927 082,50 XOF ;Sénégal;Afrique
736;6347;Store;2;327;ESPÈCES;19/01/2024;1;21/01/2024;5; 15 679,95 XOF ; 30 745,00 XOF ;Sénégal;Afrique
737;9294;Store;3;1632;ESPÈCES;20/01/2024;4;25/01/2024;36; 3 580 349,85 XOF ; 7 022 453,63 XOF ;Gabon;Afrique
738;9294;Store;4;578;ESPÈCES;20/01/2024;4;25/01/2024;30; 867 860,40 XOF ; 1 702 516,20 XOF ;Ghana;Afrique
739;6347;Store;4;1437;ESPÈCES;20/01/2024;1;22/01/2024;24; 62 625,20 XOF ; 122 885,40 XOF ;Ghana;Afrique
740;9916;Store;4;564;ESPÈCES;20/01/2024;4;22/01/2024;13; 53 046,95 XOF ; 104 060,00 XOF ;France;Europe
741;9916;Store;4;7;ESPÈCES;20/01/2024;4;22/01/2024;6; 540 780,90 XOF ; 1 060 702,50 XOF ;Belgique;Europe
742;9916;Store;4;1283;ESPÈCES;20/01/2024;4;22/01/2024;6; 3 420 925,20 XOF ; 7 439 107,50 XOF ;France;Europe
743;1900;Store;3;742;DÉBIT CARTE;20/01/2024;4;26/01/2024;96; 19 599,94 XOF ; 38 431,25 XOF ;Belgique;Europe
744;8926;Store;2;1270;DÉBIT CARTE;20/01/2024;4;25/01/2024;24; 420 497,00 XOF ; 824 793,75 XOF ;France;Europe
745;1119;Store;1;439;DÉBIT CARTE;20/01/2024;4;24/01/2024;18; 1 857 080,78 XOF ; 5 605 050,00 XOF ;Gabon;Afrique
746;8926;Store;3;342;DÉBIT CARTE;20/01/2024;4;25/01/2024;12; 58 338,64 XOF ; 126 823,13 XOF ;Ghana;Afrique
747;1119;En ligne;4;1081;DÉBIT CARTE;20/01/2024;4;24/01/2024;12; 1 557 399,80 XOF ; 3 386 680,00 XOF ;France;Europe
748;11159;Store;4;687;DÉBIT CARTE;20/01/2024;2;24/01/2024;12; 49 381,20 XOF ; 148 995,00 XOF ;France;Europe
749;8431;En ligne;3;755;DÉBIT CARTE;20/01/2024;2;26/01/2024;10; 1 013 585,79 XOF ; 3 059 127,50 XOF ;Ghana;Afrique
750;1900;En ligne;4;1294;DÉBIT CARTE;20/01/2024;4;26/01/2024;10; 15 047,31 XOF ; 29 532,94 XOF ;France;Europe
751;1900;En ligne;4;399;DÉBIT CARTE;20/01/2024;4;26/01/2024;10; 3 905 088,00 XOF ; 7 659 762,00 XOF ;France;Europe
752;1119;Store;1;1628;DÉBIT CARTE;20/01/2024;4;24/01/2024;10; 2 605 851,60 XOF ; 5 666 540,00 XOF ;France;Europe
753;1119;Store;3;255;DÉBIT CARTE;20/01/2024;4;24/01/2024;10; 239 952,90 XOF ; 470 635,00 XOF ;Sénégal;Afrique
754;11159;Store;2;277;DÉBIT CARTE;20/01/2024;2;24/01/2024;9; 2 077 841,70 XOF ; 4 075 545,38 XOF ;Côte d'ivoire;Afrique
755;12065;Store;3;119;DÉBIT CARTE;20/01/2024;2;23/01/2024;9; 6 489 370,80 XOF ; 12 728 430,00 XOF ;Belgique;Europe
756;11159;Store;2;748;DÉBIT CARTE;20/01/2024;2;24/01/2024;5; 212 187,80 XOF ; 416 240,00 XOF ;Côte d'ivoire;Afrique
757;280;Store;4;2517;ESPÈCES;20/01/2024;2;22/01/2024;480; 660 633,19 XOF ; 1 436 560,13 XOF ;Côte d'ivoire;Afrique
758;9294;Store;2;679;ESPÈCES;20/01/2024;4;25/01/2024;26; 1 175 227,63 XOF ; 2 305 106,38 XOF ;Côte d'ivoire;Afrique
759;586;Store;3;467;ESPÈCES;20/01/2024;4;23/01/2024;26; 2 623 163,40 XOF ; 5 704 380,00 XOF ;Gabon;Afrique
760;586;Store;3;419;ESPÈCES;20/01/2024;4;23/01/2024;9; 251 411,33 XOF ; 493 102,50 XOF ;Côte d'ivoire;Afrique
761;9294;Store;2;586;ESPÈCES;20/01/2024;4;25/01/2024;6; 1 785 066,53 XOF ; 3 501 382,50 XOF ;Ghana;Afrique
762;1086;Store;4;1439;ESPÈCES;21/01/2024;2;23/01/2024;8; 242 885,50 XOF ; 476 547,50 XOF ;Etats-Unis;Amérique
763;6785;Store;2;2502;DÉBIT CARTE;21/01/2024;4;27/01/2024;520; 109 712,35 XOF ; 215 215,00 XOF ;Etats-Unis;Amérique
764;3192;Store;4;2515;VIREMENT;21/01/2024;1;23/01/2024;120; 5 358 546,05 XOF ; 11 652 355,00 XOF ;Côte d'ivoire;Afrique
765;2872;En ligne;4;1505;VIREMENT;21/01/2024;4;27/01/2024;40; 217 509,05 XOF ; 473 000,00 XOF ;Etats-Unis;Amérique
784;2872;Store;4;1559;VIREMENT;21/01/2024;4;27/01/2024;8; 4 519 515,00 XOF ; 8 865 202,50 XOF ;Gabon;Afrique
785;2118;Store;2;1457;DÉBIT CARTE;21/01/2024;4;24/01/2024;5; 2 048 149,13 XOF ; 4 453 886,25 XOF ;Gabon;Afrique
786;1086;Store;3;849;ESPÈCES;21/01/2024;2;23/01/2024;12; 1 370 328,30 XOF ; 2 979 900,00 XOF ;Côte d'ivoire;Afrique
787;4485;Store;1;1515;ESPÈCES;21/01/2024;4;25/01/2024;9; 4 889 495,60 XOF ; 14 757 600,00 XOF ;Côte d'ivoire;Afrique
788;1086;Store;1;586;ESPÈCES;21/01/2024;2;23/01/2024;5; 4 828 271,66 XOF ; 14 573 130,00 XOF ;Etats-Unis;Amérique
789;1086;Store;1;473;ESPÈCES;21/01/2024;2;23/01/2024;5; 119 361,55 XOF ; 234 135,00 XOF ;Gabon;Afrique
790;2829;Store;4;269;ESPÈCES;22/01/2024;1;24/01/2024;24; 562 018,60 XOF ; 1 222 113,75 XOF ;Côte d'ivoire;Afrique
791;4255;Store;4;757;ESPÈCES;22/01/2024;4;28/01/2024;12; 60 029,61 XOF ; 130 589,39 XOF ;Côte d'ivoire;Afrique
792;4255;Store;4;1177;ESPÈCES;22/01/2024;4;28/01/2024;9; 188 963,50 XOF ; 410 918,75 XOF ;Côte d'ivoire;Afrique
793;8004;Store;4;2511;VIREMENT;22/01/2024;4;27/01/2024;80; 803 934,45 XOF ; 2 426 490,00 XOF ;Côte d'ivoire;Afrique
794;11659;En ligne;4;1072;DÉBIT CARTE;22/01/2024;1;24/01/2024;26; 722 744,00 XOF ; 1 418 054,00 XOF ;Côte d'ivoire;Afrique
795;3192;En ligne;3;962;VIREMENT;22/01/2024;1;24/01/2024;20; 916 744,95 XOF ; 2 766 943,58 XOF ;Côte d'ivoire;Afrique
796;2031;Store;1;320;VIREMENT;22/01/2024;4;25/01/2024;13; 14 355,55 XOF ; 28 143,50 XOF ;Gabon;Afrique
797;11659;Store;2;336;DÉBIT CARTE;22/01/2024;1;24/01/2024;13; 240 946,20 XOF ; 472 621,60 XOF ;Côte d'ivoire;Afrique
798;4307;En ligne;4;209;DÉBIT CARTE;22/01/2024;4;26/01/2024;12; 101 576,75 XOF ; 199 251,25 XOF ;Burkina Faso;Afrique
799;4307;Store;4;777;DÉBIT CARTE;22/01/2024;4;26/01/2024;12; 1 402 918,00 XOF ; 3 050 850,00 XOF ;Burkina Faso;Afrique
800;4307;Store;1;1529;DÉBIT CARTE;22/01/2024;4;26/01/2024;12; 602 602,00 XOF ; 1 182 027,00 XOF ;Gabon;Afrique
801;2031;Store;1;538;VIREMENT;22/01/2024;4;25/01/2024;12; 264 359,70 XOF ; 798 027,86 XOF ;Côte d'ivoire;Afrique
802;4307;Store;2;394;DÉBIT CARTE;22/01/2024;4;26/01/2024;10; 3 420 925,20 XOF ; 7 439 107,50 XOF ;Burkina Faso;Afrique
803;4307;Store;3;1454;DÉBIT CARTE;22/01/2024;4;26/01/2024;10; 692 761,71 XOF ; 1 506 505,00 XOF ;Côte d'ivoire;Afrique
816;4255;Store;3;898;ESPÈCES;22/01/2024;4;28/01/2024;12; 120 520,40 XOF ; 236 405,40 XOF ;Côte d'ivoire;Afrique
817;4255;Store;2;1343;ESPÈCES;22/01/2024;4;28/01/2024;10; 1 215 373,50 XOF ; 2 642 887,50 XOF ;Côte d'ivoire;Afrique
818;2829;Store;3;1055;ESPÈCES;22/01/2024;1;24/01/2024;8; 1 500 663,45 XOF ; 2 943 449,44 XOF ;Côte d'ivoire;Afrique
819;2067;Store;4;1125;ESPÈCES;23/01/2024;4;29/01/2024;9; 86 842,80 XOF ; 170 280,00 XOF ;Côte d'ivoire;Afrique
820;4089;Store;4;1631;DÉBIT CARTE;23/01/2024;2;28/01/2024;24; 1 338 306,20 XOF ; 4 039 420,00 XOF ;Burkina Faso;Afrique
821;6691;Store;1;435;DÉBIT CARTE;23/01/2024;4;25/01/2024;24; 6 533 643,60 XOF ; 14 207 737,50 XOF ;Côte d'ivoire;Afrique
822;5692;En ligne;4;730;DÉBIT CARTE;23/01/2024;0;24/01/2024;24; 822 168,60 XOF ; 1 787 940,00 XOF ;Côte d'ivoire;Afrique
823;5692;En ligne;4;257;DÉBIT CARTE;23/01/2024;0;24/01/2024;20; 1 419,00 XOF ; 2 808,44 XOF ;Burkina Faso;Afrique
824;1737;Store;1;481;DÉBIT CARTE;23/01/2024;2;25/01/2024;18; 3 308 008,28 XOF ; 9 984 438,75 XOF ;Burkina Faso;Afrique
825;11974;En ligne;4;1498;VIREMENT;23/01/2024;4;28/01/2024;13; 695 989,94 XOF ; 1 513 422,63 XOF ;Burkina Faso;Afrique
826;5692;En ligne;4;284;DÉBIT CARTE;23/01/2024;0;24/01/2024;13; 9 052 865,25 XOF ; 27 323 926,99 XOF ;Burkina Faso;Afrique
827;11974;Store;3;934;VIREMENT;23/01/2024;4;28/01/2024;12; 668 011,99 XOF ; 1 452 701,25 XOF ;Cameroun;Afrique
828;4089;Store;1;1178;DÉBIT CARTE;23/01/2024;2;28/01/2024;12; 978 365,03 XOF ; 2 127 435,75 XOF ;Burkina Faso;Afrique
829;11010;En ligne;4;1383;VIREMENT;23/01/2024;4;26/01/2024;12; 897 369,69 XOF ; 1 760 151,25 XOF ;Côte d'ivoire;Afrique
844;6691;Store;1;191;DÉBIT CARTE;23/01/2024;4;25/01/2024;4; 1 419 283,80 XOF ; 3 086 325,00 XOF ;Burkina Faso;Afrique
845;6691;Store;4;1469;DÉBIT CARTE;23/01/2024;4;25/01/2024;4; 1 410 344,10 XOF ; 4 257 000,00 XOF ;Burkina Faso;Afrique
846;2067;Store;3;660;ESPÈCES;23/01/2024;4;29/01/2024;27; 1 931 613,75 XOF ; 3 788 730,00 XOF ;Cameroun;Afrique
847;8930;Store;3;1092;ESPÈCES;23/01/2024;4;27/01/2024;10; 210 402,23 XOF ; 635 002,50 XOF ;Burkina Faso;Afrique
848;8930;Store;2;1246;ESPÈCES;23/01/2024;4;27/01/2024;6; 671 547,66 XOF ; 1 460 387,50 XOF ;Cameroun;Afrique
849;8930;Store;3;999;ESPÈCES;24/01/2024;4;28/01/2024;12; 4 159 940,40 XOF ; 9 046 125,00 XOF ;Burkina Faso;Afrique
850;8930;Store;3;375;ESPÈCES;24/01/2024;4;28/01/2024;9; 36 007,13 XOF ; 70 595,25 XOF ;Burkina Faso;Afrique
851;2873;En ligne;4;2517;VIREMENT;24/01/2024;2;27/01/2024;400; 6 904 499,25 XOF ; 13 542 758,63 XOF ;Côte d'ivoire;Afrique
852;2433;Store;3;1085;VIREMENT;24/01/2024;4;29/01/2024;26; 861 333,00 XOF ; 1 873 080,00 XOF ;Burkina Faso;Afrique
853;124;En ligne;4;1641;VIREMENT;24/01/2024;2;28/01/2024;26; 60 283,85 XOF ; 118 226,35 XOF ;Burkina Faso;Afrique
854;8242;En ligne;4;1337;VIREMENT;24/01/2024;0;24/01/2024;24; 2 470 668,20 XOF ; 5 372 688,75 XOF ;Sénégal;Afrique
855;2873;En ligne;4;1194;VIREMENT;24/01/2024;2;27/01/2024;20; 856 603,00 XOF ; 1 862 674,00 XOF ;Burkina Faso;Afrique
856;8436;En ligne;3;713;VIREMENT;24/01/2024;0;24/01/2024;20; 2 117 254,43 XOF ; 4 604 063,75 XOF ;Burkina Faso;Afrique
857;8242;En ligne;4;1410;VIREMENT;24/01/2024;0;24/01/2024;20; 7 178 011,50 XOF ; 15 609 000,00 XOF ;Burkina Faso;Afrique
858;8436;Store;4;828;VIREMENT;24/01/2024;0;24/01/2024;18; 251 411,33 XOF ; 493 102,50 XOF ;Burkina Faso;Afrique
859;3122;Store;3;761;DÉBIT CARTE;24/01/2024;4;26/01/2024;16; 3 055 816,50 XOF ; 9 222 790,50 XOF ;Burkina Faso;Afrique
860;168;Store;1;1116;VIREMENT;24/01/2024;0;24/01/2024;13; 1 056 859,38 XOF ; 2 298 188,75 XOF ;Burkina Faso;Afrique
861;3122;En ligne;4;1456;DÉBIT CARTE;24/01/2024;4;26/01/2024;12; 2 821 468,65 XOF ; 5 534 100,00 XOF ;Burkina Faso;Afrique
862;4370;Store;4;372;DÉBIT CARTE;24/01/2024;0;24/01/2024;12; 26 890,05 XOF ; 81 202,28 XOF ;Burkina Faso;Afrique
863;8436;Store;2;934;VIREMENT;24/01/2024;0;24/01/2024;12; 2 509 324,13 XOF ; 7 573 912,50 XOF ;Burkina Faso;Afrique
872;3122;Store;4;1159;DÉBIT CARTE;24/01/2024;4;26/01/2024;6; 44 603,90 XOF ; 87 481,35 XOF ;Côte d'ivoire;Afrique
873;8930;Store;1;1284;ESPÈCES;24/01/2024;4;28/01/2024;10; 84 471,89 XOF ; 183 701,38 XOF ;Côte d'ivoire;Afrique
874;7669;Store;4;112;ESPÈCES;24/01/2024;2;30/01/2024;6; 695 989,94 XOF ; 1 513 422,63 XOF ;Burkina Faso;Afrique
875;9941;Store;3;1320;ESPÈCES;25/01/2024;0;25/01/2024;30; 105 685,94 XOF ; 229 818,88 XOF ;Ghana;Afrique
876;7669;Store;4;391;ESPÈCES;25/01/2024;2;31/01/2024;24; 10 767 017,25 XOF ; 23 413 287,15 XOF ;Ghana;Afrique
877;8664;Store;3;504;ESPÈCES;25/01/2024;4;30/01/2024;13; 271 277,33 XOF ; 532 018,58 XOF ;Ghana;Afrique
878;8664;Store;4;1155;ESPÈCES;25/01/2024;4;30/01/2024;12; 1 267 628,18 XOF ; 2 756 407,50 XOF ;Ghana;Afrique
879;9941;Store;4;253;ESPÈCES;25/01/2024;0;25/01/2024;10; 155 546,05 XOF ; 305 085,00 XOF ;Ghana;Afrique
880;8664;Store;3;483;ESPÈCES;25/01/2024;4;30/01/2024;5; 602 602,00 XOF ; 1 182 027,00 XOF ;Ghana;Afrique
881;898;Store;4;2507;DÉBIT CARTE;25/01/2024;4;28/01/2024;240; 4 054 727,46 XOF ; 12 238 047,25 XOF ;Côte d'ivoire;Afrique
882;7798;En ligne;4;405;DÉBIT CARTE;25/01/2024;4;27/01/2024;30; 908 916,80 XOF ; 2 743 400,00 XOF ;Côte d'ivoire;Afrique
883;10226;Store;2;889;DÉBIT CARTE;25/01/2024;2;29/01/2024;26; 214 623,75 XOF ; 420 970,00 XOF ;Ghana;Afrique
884;5679;Store;4;694;DÉBIT CARTE;25/01/2024;2;28/01/2024;26; 1 728 407,04 XOF ; 3 758 576,25 XOF ;Cameroun;Afrique
885;9748;Store;3;665;DÉBIT CARTE;25/01/2024;4;29/01/2024;24; 989 681,55 XOF ; 2 152 073,14 XOF ;France;Europe
886;4560;En ligne;4;1360;DÉBIT CARTE;25/01/2024;2;30/01/2024;20; 916 744,95 XOF ; 2 766 943,58 XOF ;Ghana;Afrique
887;9663;Store;3;992;VIREMENT;25/01/2024;4;31/01/2024;13; 312 180,00 XOF ; 612 156,60 XOF ;Ghana;Afrique
888;9663;Store;4;704;VIREMENT;25/01/2024;4;31/01/2024;13; 137 430,15 XOF ; 269 574,53 XOF ;France;Europe
889;9748;En ligne;4;1040;DÉBIT CARTE;25/01/2024;4;29/01/2024;13; 3 134 287,20 XOF ; 9 460 000,00 XOF ;Côte d'ivoire;Afrique
900;1979;Store;1;124;VIREMENT;25/01/2024;1;27/01/2024;10; 167 607,55 XOF ; 328 735,00 XOF ;Ghana;Afrique
901;9663;Store;2;1590;VIREMENT;25/01/2024;4;31/01/2024;9; 160 961,90 XOF ; 350 020,00 XOF ;Sénégal;Afrique
902;10226;En ligne;3;601;DÉBIT CARTE;25/01/2024;2;29/01/2024;9; 21 533,33 XOF ; 42 215,25 XOF ;Cameroun;Afrique
903;898;En ligne;4;1638;DÉBIT CARTE;25/01/2024;4;28/01/2024;9; 1 060 241,33 XOF ; 2 305 644,41 XOF ;Burkina Faso;Afrique
904;5679;En ligne;3;432;DÉBIT CARTE;25/01/2024;2;28/01/2024;9; 251 411,33 XOF ; 493 102,50 XOF ;France;Europe
905;7798;Store;1;1199;DÉBIT CARTE;25/01/2024;4;27/01/2024;9; 2 263 908,08 XOF ; 6 833 076,25 XOF ;Cameroun;Afrique
906;4560;En ligne;4;1545;DÉBIT CARTE;25/01/2024;2;30/01/2024;8; 271 064,48 XOF ; 531 699,30 XOF ;France;Europe
907;60;Store;2;514;DÉBIT CARTE;25/01/2024;4;31/01/2024;6; 39 022,50 XOF ; 76 519,58 XOF ;France;Europe
908;898;Store;4;871;DÉBIT CARTE;25/01/2024;4;28/01/2024;6; 251 411,33 XOF ; 493 102,50 XOF ;Ghana;Afrique
909;1979;Store;1;1406;VIREMENT;25/01/2024;1;27/01/2024;6; 351 699,15 XOF ; 1 061 518,43 XOF ;Ghana;Afrique
910;7798;Store;2;53;DÉBIT CARTE;25/01/2024;4;27/01/2024;6; 535 104,90 XOF ; 1 163 580,00 XOF ;Ghana;Afrique
911;1979;Store;2;1384;VIREMENT;25/01/2024;1;27/01/2024;4; 116 961,08 XOF ; 254 355,75 XOF ;Sénégal;Afrique
912;9941;Store;4;542;ESPÈCES;25/01/2024;0;25/01/2024;10; 427 662,95 XOF ; 930 036,25 XOF ;Ghana;Afrique
913;8664;Store;4;946;ESPÈCES;25/01/2024;4;30/01/2024;6; 142 893,30 XOF ; 280 252,50 XOF ;Ghana;Afrique
914;8664;Store;2;1440;ESPÈCES;25/01/2024;4;30/01/2024;6; 1 205 204,00 XOF ; 2 364 054,00 XOF ;Ghana;Afrique
915;2670;Store;4;669;ESPÈCES;26/01/2024;0;26/01/2024;20; 2 315 175,36 XOF ; 5 034 493,75 XOF ;Cameroun;Afrique
916;9941;Store;4;700;ESPÈCES;26/01/2024;0;26/01/2024;18; 38 726,88 XOF ; 75 946,06 XOF ;Sénégal;Afrique
917;8784;Store;4;382;ESPÈCES;26/01/2024;4;31/01/2024;13; 680 268,60 XOF ; 1 479 307,50 XOF ;Cameroun;Afrique
918;8784;Store;4;556;ESPÈCES;26/01/2024;4;31/01/2024;10; 643 847,60 XOF ; 1 400 080,00 XOF ;Gabon;Afrique
919;8784;Store;3;1006;ESPÈCES;26/01/2024;4;31/01/2024;9; 591 403,73 XOF ; 1 160 032,50 XOF ;Gabon;Afrique
920;7984;En ligne;4;153;DÉBIT CARTE;26/01/2024;2;29/01/2024;20; 28 770,23 XOF ; 56 405,25 XOF ;Gabon;Afrique
921;7984;En ligne;3;222;DÉBIT CARTE;26/01/2024;2;29/01/2024;13; 268 279,69 XOF ; 526 212,50 XOF ;Côte d'ivoire;Afrique
922;7984;Store;3;619;DÉBIT CARTE;26/01/2024;2;29/01/2024;13; 210 437,70 XOF ; 457 627,50 XOF ;France;Europe
934;8722;Store;1;1552;ESPÈCES;26/01/2024;4;01/02/2024;10; 78 246,03 XOF ; 153 571,28 XOF ;Côte d'ivoire;Afrique
935;4935;Store;3;1658;ESPÈCES;26/01/2024;4;28/01/2024;10; 2 128 216,20 XOF ; 6 423 340,00 XOF ;Sénégal;Afrique
936;8784;Store;2;463;ESPÈCES;26/01/2024;4;31/01/2024;9; 175 364,75 XOF ; 381 356,25 XOF ;Sénégal;Afrique
937;2670;Store;1;585;ESPÈCES;26/01/2024;0;26/01/2024;9; 270 526,44 XOF ; 588 293,75 XOF ;Côte d'ivoire;Afrique
938;2670;Store;1;821;ESPÈCES;26/01/2024;0;26/01/2024;9; 3 656 881,25 XOF ; 7 952 312,50 XOF ;Côte d'ivoire;Afrique
939;2670;Store;4;977;ESPÈCES;26/01/2024;0;26/01/2024;9; 2 735 761,05 XOF ; 5 949 157,50 XOF ;Cameroun;Afrique
940;7388;Store;3;1365;ESPÈCES;26/01/2024;0;26/01/2024;9; 1 054 092,33 XOF ; 2 067 601,25 XOF ;Gabon;Afrique
941;6240;Store;3;1012;ESPÈCES;26/01/2024;2;01/02/2024;8; 37 922,78 XOF ; 74 355,60 XOF ;Sénégal;Afrique
942;6720;Store;4;1346;ESPÈCES;27/01/2024;4;31/01/2024;20; 72 321,70 XOF ; 141 876,35 XOF ;Cameroun;Afrique
943;9742;Store;4;756;ESPÈCES;27/01/2024;4;31/01/2024;12; 4 023 675,01 XOF ; 12 144 275,00 XOF ;Sénégal;Afrique
944;3654;En ligne;3;340;DÉBIT CARTE;27/01/2024;4;29/01/2024;36; 32 518,75 XOF ; 63 766,31 XOF ;Cameroun;Afrique
945;5913;En ligne;4;596;VIREMENT;27/01/2024;4;02/02/2024;20; 32 518,75 XOF ; 63 766,31 XOF ;France;Europe
946;12319;En ligne;4;1541;DÉBIT CARTE;27/01/2024;4;30/01/2024;20; 802 586,40 XOF ; 1 745 370,00 XOF ;Canada;Amérique
947;4022;En ligne;4;814;VIREMENT;27/01/2024;4;01/02/2024;18; 105 786,45 XOF ; 319 275,00 XOF ;France;Europe
948;4022;Store;3;430;VIREMENT;27/01/2024;4;01/02/2024;15; 1 918 417,05 XOF ; 4 171 860,00 XOF ;France;Europe
949;3654;Store;4;1200;DÉBIT CARTE;27/01/2024;4;29/01/2024;13; 271 886,31 XOF ; 591 250,00 XOF ;Belgique;Europe
962;5913;Store;2;1189;VIREMENT;27/01/2024;4;02/02/2024;6; 2 237 390,51 XOF ; 4 865 396,25 XOF ;France;Europe
963;9082;Store;4;303;DÉBIT CARTE;27/01/2024;4;01/02/2024;6; 1 993 428,94 XOF ; 4 335 045,00 XOF ;France;Europe
964;11579;Store;3;561;DÉBIT CARTE;27/01/2024;4;29/01/2024;5; 14 355,55 XOF ; 28 143,50 XOF ;France;Europe
965;9742;Store;4;2499;ESPÈCES;27/01/2024;4;31/01/2024;400; 1 248 045,98 XOF ; 2 713 837,50 XOF ;Belgique;Europe
966;4935;Store;4;448;ESPÈCES;27/01/2024;4;29/01/2024;16; 2 431 787,60 XOF ; 5 288 140,00 XOF ;France;Europe
967;6720;Store;4;1174;ESPÈCES;27/01/2024;4;31/01/2024;13; 622 184,20 XOF ; 1 220 340,00 XOF ;Sénégal;Afrique
968;4935;Store;4;89;ESPÈCES;27/01/2024;4;29/01/2024;13; 217 982,05 XOF ; 427 355,50 XOF ;France;Europe
969;6352;Store;4;772;ESPÈCES;28/01/2024;4;30/01/2024;24; 156 090,00 XOF ; 306 078,30 XOF ;France;Europe
970;6352;Store;4;378;ESPÈCES;28/01/2024;4;30/01/2024;12; 155 948,10 XOF ; 339 141,00 XOF ;Etats-Unis;Amérique
971;8258;Store;4;780;ESPÈCES;28/01/2024;4;01/02/2024;10; 695 972,20 XOF ; 1 513 505,40 XOF ;Sénégal;Afrique
972;5874;Store;4;290;ESPÈCES;28/01/2024;4;03/02/2024;9; 3 235 615,63 XOF ; 7 035 875,00 XOF ;Etats-Unis;Amérique
993;3493;Store;1;1146;ESPÈCES;28/01/2024;2;03/02/2024;10; 271 295,06 XOF ; 532 125,00 XOF ;Etats-Unis;Amérique
1007;2192;En ligne;4;1137;VIREMENT;29/01/2024;4;31/01/2024;12; 1 957 652,40 XOF ; 4 257 000,00 XOF ;Canada;Amérique
1008;9451;En ligne;4;773;VIREMENT;29/01/2024;4;04/02/2024;10; 309 625,80 XOF ; 673 173,60 XOF ;Canada;Amérique
1009;3284;Store;3;1402;DÉBIT CARTE;29/01/2024;4;31/01/2024;10; 776 476,80 XOF ; 1 688 610,00 XOF ;Etats-Unis;Amérique
1010;2192;Store;2;871;VIREMENT;29/01/2024;4;31/01/2024;10; 4 561 233,60 XOF ; 9 918 810,00 XOF ;Etats-Unis;Amérique
1011;3514;Store;1;1194;DÉBIT CARTE;29/01/2024;1;31/01/2024;10; 2 603 723,10 XOF ; 5 661 810,00 XOF ;Côte d'ivoire;Afrique
1012;3514;Store;4;927;DÉBIT CARTE;29/01/2024;1;31/01/2024;10; 6 518 886,00 XOF ; 14 175 810,00 XOF ;Etats-Unis;Amérique
1013;3514;Store;1;1428;DÉBIT CARTE;29/01/2024;1;31/01/2024;10; 1 827 104,40 XOF ; 3 973 200,00 XOF ;Côte d'ivoire;Afrique
1014;9451;Store;2;406;VIREMENT;29/01/2024;4;04/02/2024;9; 1 029 626,40 XOF ; 3 107 610,00 XOF ;Etats-Unis;Amérique
1015;9451;En ligne;4;127;VIREMENT;29/01/2024;4;04/02/2024;6; 1 591 266,60 XOF ; 3 121 090,50 XOF ;Côte d'ivoire;Afrique
1016;9451;Store;3;609;VIREMENT;29/01/2024;4;04/02/2024;6; 93 937,80 XOF ; 184 328,10 XOF ;Côte d'ivoire;Afrique
1017;2192;Store;1;1074;VIREMENT;29/01/2024;4;31/01/2024;6; 487 568,40 XOF ; 956 406,00 XOF ;Canada;Amérique
1018;3514;Store;1;1458;DÉBIT CARTE;29/01/2024;1;31/01/2024;6; 2 358 378,00 XOF ; 4 625 940,00 XOF ;Canada;Amérique
1019;9476;En ligne;3;212;DÉBIT CARTE;29/01/2024;4;01/02/2024;5; 4 692 065,40 XOF ; 14 161 620,00 XOF ;Etats-Unis;Amérique
1020;9476;Store;2;1245;DÉBIT CARTE;29/01/2024;4;01/02/2024;5; 2 169 651,00 XOF ; 4 255 581,00 XOF ;Etats-Unis;Amérique
1021;8260;Store;3;419;ESPÈCES;29/01/2024;4;04/02/2024;20; 2 358 378,00 XOF ; 4 625 940,00 XOF ;Côte d'ivoire;Afrique
1022;8260;Store;4;928;ESPÈCES;29/01/2024;4;04/02/2024;20; 150 130,20 XOF ; 326 370,00 XOF ;Côte d'ivoire;Afrique
1023;1843;Store;3;1217;ESPÈCES;29/01/2024;1;31/01/2024;18; 1 957 652,40 XOF ; 4 257 000,00 XOF ;Etats-Unis;Amérique
1024;3241;Store;1;445;ESPÈCES;29/01/2024;4;03/02/2024;10; 1 820 577,00 XOF ; 3 959 010,00 XOF ;Côte d'ivoire;Afrique
1025;1843;Store;3;464;ESPÈCES;29/01/2024;1;31/01/2024;10; 2 799 403,20 XOF ; 6 087 510,00 XOF ;Canada;Amérique
1026;8260;Store;3;1217;ESPÈCES;29/01/2024;4;04/02/2024;9; 2 910 227,10 XOF ; 8 783 610,00 XOF ;Côte d'ivoire;Afrique
1027;1843;Store;4;817;ESPÈCES;29/01/2024;1;31/01/2024;9; 2 259 048,00 XOF ; 6 818 295,00 XOF ;Canada;Amérique
1028;4731;Store;3;902;ESPÈCES;29/01/2024;4;03/02/2024;6; 361 703,10 XOF ; 709 358,10 XOF ;Canada;Amérique
1029;11674;Store;2;96;ESPÈCES;29/01/2024;4;02/02/2024;5; 1 363 375,20 XOF ; 4 115 100,00 XOF ;Côte d'ivoire;Afrique
1030;9493;Store;4;259;ESPÈCES;30/01/2024;2;04/02/2024;36; 1 755 303,00 XOF ; 3 817 110,00 XOF ;Côte d'ivoire;Afrique
1031;12261;Store;3;618;DÉBIT CARTE;30/01/2024;4;05/02/2024;24; 267 623,40 XOF ; 524 888,10 XOF ;Côte d'ivoire;Afrique
1032;3610;En ligne;3;1527;DÉBIT CARTE;30/01/2024;2;01/02/2024;24; 72 227,10 XOF ; 141 758,10 XOF ;Côte d'ivoire;Afrique
1033;5412;Store;4;1190;DÉBIT CARTE;30/01/2024;1;01/02/2024;24; 1 037 572,80 XOF ; 2 256 210,00 XOF ;Côte d'ivoire;Afrique
1034;6554;Store;3;432;VIREMENT;30/01/2024;2;05/02/2024;20; 115 790,40 XOF ; 227 040,00 XOF ;Côte d'ivoire;Afrique
1035;5412;Store;1;295;DÉBIT CARTE;30/01/2024;1;01/02/2024;20; 3 823 921,20 XOF ; 8 315 340,00 XOF ;Côte d'ivoire;Afrique
1036;11384;En ligne;3;1189;DÉBIT CARTE;30/01/2024;1;01/02/2024;20; 565 554,28 XOF ; 1 229 800,00 XOF ;Côte d'ivoire;Afrique
1037;11384;Store;1;991;DÉBIT CARTE;30/01/2024;1;01/02/2024;20; 49 115,14 XOF ; 106 762,01 XOF ;Côte d'ivoire;Afrique
1053;12261;Store;3;1171;DÉBIT CARTE;30/01/2024;4;05/02/2024;9; 1 226 725,50 XOF ; 2 667 720,00 XOF ;Côte d'ivoire;Afrique
1054;5412;Store;4;354;DÉBIT CARTE;30/01/2024;1;01/02/2024;8; 506 299,20 XOF ; 993 158,10 XOF ;Côte d'ivoire;Afrique
1055;726;Store;2;620;DÉBIT CARTE;30/01/2024;2;04/02/2024;6; 1 037 572,80 XOF ; 2 256 210,00 XOF ;Côte d'ivoire;Afrique
1056;11384;Store;4;958;DÉBIT CARTE;30/01/2024;1;01/02/2024;6; 6 363 984,41 XOF ; 19 207 938,75 XOF ;Côte d'ivoire;Afrique
1057;726;Store;3;910;DÉBIT CARTE;30/01/2024;2;04/02/2024;5; 1 827 104,40 XOF ; 3 973 200,00 XOF ;Côte d'ivoire;Afrique
1058;726;Store;2;881;DÉBIT CARTE;30/01/2024;2;04/02/2024;4; 10 789 792,20 XOF ; 32 566 050,00 XOF ;Côte d'ivoire;Afrique
1059;5412;Store;1;882;DÉBIT CARTE;30/01/2024;1;01/02/2024;4; 1 037 430,90 XOF ; 2 034 846,00 XOF ;Côte d'ivoire;Afrique
1060;9493;Store;4;1050;ESPÈCES;30/01/2024;2;04/02/2024;20; 1 085 960,70 XOF ; 3 277 890,00 XOF ;Côte d'ivoire;Afrique
1061;382;Store;4;360;ESPÈCES;31/01/2024;1;02/02/2024;10; 50 729,25 XOF ; 99 536,94 XOF ;Côte d'ivoire;Afrique
1062;5862;Store;4;1196;ESPÈCES;31/01/2024;4;03/02/2024;9; 1 688 976,58 XOF ; 3 312 773,75 XOF ;Côte d'ivoire;Afrique
1063;5862;Store;4;56;ESPÈCES;31/01/2024;4;03/02/2024;6; 2 470 668,20 XOF ; 5 372 688,75 XOF ;Côte d'ivoire;Afrique
1064;6505;Store;3;1478;DÉBIT CARTE;31/01/2024;4;04/02/2024;18; 1 173 536,65 XOF ; 2 551 835,00 XOF ;Ghana;Afrique
1065;4050;Store;4;677;DÉBIT CARTE;31/01/2024;1;02/02/2024;18; 664 476,31 XOF ; 1 445 015,00 XOF ;Côte d'ivoire;Afrique
1066;2772;Store;2;59;VIREMENT;31/01/2024;4;05/02/2024;13; 695 989,94 XOF ; 1 513 422,63 XOF ;Côte d'ivoire;Afrique
1067;6505;Store;3;122;DÉBIT CARTE;31/01/2024;4;04/02/2024;13; 3 531 063,25 XOF ; 7 678 563,75 XOF ;Ghana;Afrique
1068;8838;Store;2;987;DÉBIT CARTE;31/01/2024;2;06/02/2024;12; 2 470 668,20 XOF ; 5 372 688,75 XOF ;Ghana;Afrique
1083;4225;Store;2;213;ESPÈCES;31/01/2024;4;06/02/2024;5; 2 470 668,20 XOF ; 5 372 688,75 XOF ;Côte d'ivoire;Afrique
1084;382;Store;1;82;ESPÈCES;31/01/2024;1;02/02/2024;5; 427 662,95 XOF ; 930 036,25 XOF ;Côte d'ivoire;Afrique
